"id","interview","stage","time","condition","mc_seq","interviewee","new_id","critical","sos_training","detail","trans_det"
49,3,3,21,"sos_delayed","MC1",176,3,0,1,7.97459246150167,5
26,3,1,19,"basic","MC5",76,20,0,0,7.96067706799009,5
46,3,2,20,"sos_delayed","MC5",164,58,0,1,7.57479234113754,5
46,3,0,18,"sos_delayed","MC5",164,58,0,1,7.16261498438869,5
26,3,3,21,"basic","MC5",76,20,0,0,6.85960177749567,5
46,3,4,22,"sos_delayed","MC5",164,58,1,1,6.63685378102572,5
26,3,4,22,"basic","MC5",76,20,1,0,6.62328664967179,5
49,3,1,19,"sos_delayed","MC1",176,3,0,1,6.55566034562537,5
46,3,5,23,"sos_delayed","MC5",164,58,1,1,6.55265383022096,5
26,3,0,18,"basic","MC5",76,20,0,0,6.39644297080404,5
49,3,2,20,"sos_delayed","MC1",176,3,0,1,6.29016996680374,5
49,3,0,18,"sos_delayed","MC1",176,3,0,1,6.28063207346239,5
46,3,3,21,"sos_delayed","MC5",164,58,0,1,6.15821740861075,5
26,2,1,13,"basic","MC3",75,20,0,0,6.01721518519461,5
55,2,0,12,"sos_delayed","MC2",203,4,0,0,5.75022738863725,5
26,2,5,17,"basic","MC3",75,20,1,0,5.71636580578319,5
42,3,2,20,"sos","MC4",148,49,0,1,5.71515694763263,5
49,3,5,23,"sos_delayed","MC1",176,3,1,1,5.67691760896909,5
46,3,1,19,"sos_delayed","MC5",164,58,0,1,5.53778164312693,5
3,1,4,10,"sos","MC2",90,34,1,1,5.43143641881114,5
55,3,2,20,"sos_delayed","MC1",204,4,0,1,5.32960993661133,5
31,3,5,23,"sos","MC4",100,14,1,1,5.28020161005049,5
55,2,3,15,"sos_delayed","MC2",203,4,0,0,5.25015015761971,5
50,2,4,16,"sos_delayed","MC5",183,39,1,0,5.19565012206243,5
44,2,2,14,"sos","MC4",155,2,0,1,5.17655523493178,5
44,0,0,0,"sos","MC2",153,2,0,1,5.1411484519081,5
55,0,5,5,"sos_delayed","MC6",201,4,1,0,5.07288595237608,5
44,1,5,11,"sos","MC6",154,2,1,1,5.01674410966075,5
3,2,5,17,"sos","MC4",91,34,1,1,5.00148499946279,5
42,3,0,18,"sos","MC4",148,49,0,1,4.93801678791584,5
23,3,3,21,"basic","MC1",64,17,0,0,4.90395073788019,5
26,2,0,12,"basic","MC3",75,20,0,0,4.88516886749651,5
55,2,1,13,"sos_delayed","MC2",203,4,0,0,4.83927032725286,5
43,1,0,6,"sos","MC1",150,41,0,1,4.82364036743191,5
29,1,0,6,"sos","MC4",86,29,0,1,4.79861928542818,5
29,3,5,23,"sos","MC2",88,29,1,1,4.79401035685145,5
23,0,3,3,"basic","MC6",61,17,0,0,4.79110957836987,5
26,0,5,5,"basic","MC2",73,20,1,0,4.79001548591782,5
49,3,4,22,"sos_delayed","MC1",176,3,1,1,4.7837619146095,5
26,3,2,20,"basic","MC5",76,20,0,0,4.7407463773557,5
26,0,3,3,"basic","MC2",73,20,0,0,4.71385575850801,5
42,3,3,21,"sos","MC4",148,49,0,1,4.69102200489998,5
55,0,2,2,"sos_delayed","MC6",201,4,0,0,4.67414526751731,5
31,3,1,19,"sos","MC4",100,14,0,1,4.64768279449258,5
43,1,4,10,"sos","MC1",150,41,1,1,4.64589105839489,5
26,2,3,15,"basic","MC3",75,20,0,0,4.64269113161257,5
23,1,1,7,"basic","MC3",62,17,0,0,4.60413120387247,5
33,0,4,4,"sos","MC5",105,30,1,1,4.56523638533429,5
44,2,3,15,"sos","MC4",155,2,0,1,4.51938710657794,5
43,1,1,7,"sos","MC1",150,41,0,1,4.47242741425469,5
26,2,4,16,"basic","MC3",75,20,1,0,4.45239509253995,5
23,0,2,2,"basic","MC6",61,17,0,0,4.43704968253174,5
44,0,1,1,"sos","MC2",153,2,0,1,4.3705012251469,5
23,3,1,19,"basic","MC1",64,17,0,0,4.36653041898331,5
31,3,3,21,"sos","MC4",100,14,0,1,4.33863131835713,5
50,2,5,17,"sos_delayed","MC5",183,39,1,0,4.32355319903803,5
28,3,2,20,"sos","MC3",84,56,0,1,4.28833148299849,5
5,0,1,1,"sos_delayed","MC1",177,10,0,0,4.27815125181921,5
26,2,2,14,"basic","MC3",75,20,0,0,4.27514364138827,5
55,2,4,16,"sos_delayed","MC2",203,4,1,0,4.26766869494963,5
55,3,0,18,"sos_delayed","MC1",204,4,0,1,4.25609562384566,5
26,3,5,23,"basic","MC5",76,20,1,0,4.25328728269977,5
42,3,4,22,"sos","MC4",148,49,1,1,4.23766402988522,5
49,0,1,1,"sos_delayed","MC3",173,3,0,0,4.23541619615145,5
55,1,4,10,"sos_delayed","MC5",202,4,1,0,4.22264772978434,5
1,1,2,8,"basic","MC3",2,9,0,0,4.20623274407896,5
57,3,5,23,"sos_delayed","MC5",212,38,1,1,4.19494626310819,5
50,2,0,12,"sos_delayed","MC5",183,39,0,0,4.19240817055747,5
55,0,1,1,"sos_delayed","MC6",201,4,0,0,4.18598756807171,5
42,3,5,23,"sos","MC4",148,49,1,1,4.17869537385974,5
29,1,1,7,"sos","MC4",86,29,0,1,4.16981545347805,5
55,2,2,14,"sos_delayed","MC2",203,4,0,0,4.16826784446782,5
4,2,2,14,"sos","MC4",135,13,0,1,4.1561919571137,5
42,3,1,19,"sos","MC4",148,49,0,1,4.14304749525314,5
28,1,2,8,"sos","MC1",82,56,0,1,4.14201261675031,5
55,0,3,3,"sos_delayed","MC6",201,4,0,0,4.13575342336414,5
26,0,4,4,"basic","MC2",73,20,1,0,4.11374711682085,5
55,1,2,8,"sos_delayed","MC5",202,4,0,0,4.11187323625457,5
4,2,3,15,"sos","MC4",135,13,0,1,4.11172325918933,5
26,0,2,2,"basic","MC2",73,20,0,0,4.10540931358701,5
42,2,4,16,"sos","MC3",147,49,1,1,4.09708617601162,5
47,3,2,20,"sos_delayed","MC4",168,60,0,1,4.07397572281099,5
5,3,4,22,"sos_delayed","MC3",180,10,1,1,4.07312273115163,5
17,2,0,12,"basic","MC2",35,7,0,0,4.05061598120084,5
28,1,0,6,"sos","MC1",82,56,0,1,4.04170511536521,5
51,0,0,0,"sos_delayed","MC3",185,21,0,0,4.04095395697227,5
46,2,1,13,"sos_delayed","MC6",163,58,0,0,4.03965269230074,5
3,3,5,23,"sos","MC3",92,34,1,1,4.03319654796976,5
46,0,0,0,"sos_delayed","MC4",161,58,0,0,4.02983370349899,5
3,0,0,0,"sos","MC6",89,34,0,1,4.02095478603858,5
31,2,5,17,"sos","MC1",99,14,1,1,4.01378485958052,5
4,2,4,16,"sos","MC4",135,13,1,1,3.9974576334251,5
28,3,1,19,"sos","MC3",84,56,0,1,3.95793458865778,5
17,2,3,15,"basic","MC2",35,7,0,0,3.92391784163667,5
33,3,2,20,"sos","MC6",108,30,0,1,3.9064165213744,5
1,1,4,10,"basic","MC3",2,9,1,0,3.86545177956267,5
49,0,0,0,"sos_delayed","MC3",173,3,0,0,3.84668276368256,5
46,2,4,16,"sos_delayed","MC6",163,58,1,0,3.80529253468961,5
44,0,2,2,"sos","MC2",153,2,0,1,3.80127740387843,5
26,0,1,1,"basic","MC2",73,20,0,0,3.8009988128675,5
23,3,0,18,"basic","MC1",64,17,0,0,3.78648687628906,5
1,1,5,11,"basic","MC3",2,9,1,0,3.7727555703392,5
23,3,2,20,"basic","MC1",64,17,0,0,3.76590003855192,5
55,3,3,21,"sos_delayed","MC1",204,4,0,1,3.75729074356557,5
3,0,2,2,"sos","MC6",89,34,0,1,3.75538012843891,5
3,0,1,1,"sos","MC6",89,34,0,1,3.72196921803477,5
50,2,1,13,"sos_delayed","MC5",183,39,0,0,3.70710693800264,5
23,3,4,22,"basic","MC1",64,17,1,0,3.70517409725406,5
5,2,1,13,"sos_delayed","MC2",179,10,0,0,3.69258167335139,5
5,3,2,20,"sos_delayed","MC3",180,10,0,1,3.67765084810166,5
17,0,2,2,"basic","MC3",33,7,0,0,3.66334323183455,5
28,2,4,16,"sos","MC6",83,56,1,1,3.66130484184443,5
36,2,3,15,"sos","MC5",119,43,0,1,3.63766048172646,5
23,0,5,5,"basic","MC6",61,17,1,0,3.63186311439251,5
18,0,0,0,"basic","MC3",37,48,0,0,3.62714086290898,5
1,1,0,6,"basic","MC3",2,9,0,0,3.62376636944274,5
23,0,1,1,"basic","MC6",61,17,0,0,3.61203911999017,5
51,1,3,9,"sos_delayed","MC4",186,21,0,0,3.60537594900763,5
4,2,1,13,"sos","MC4",135,13,0,1,3.59231401057635,5
3,2,0,12,"sos","MC4",91,34,0,1,3.58977759656395,5
28,2,2,14,"sos","MC6",83,56,0,1,3.58751902354351,5
28,1,1,7,"sos","MC1",82,56,0,1,3.58659353994758,5
8,3,3,21,"sos_delayed","MC1",236,18,0,1,3.58172014623675,5
28,1,5,11,"sos","MC1",82,56,1,1,3.54937099175276,5
55,3,1,19,"sos_delayed","MC1",204,4,0,1,3.53647915767316,5
43,1,5,11,"sos","MC1",150,41,1,1,3.52206335809264,5
7,0,0,0,"sos_delayed","MC4",229,24,0,0,3.52023300762961,5
39,3,3,21,"sos","MC2",132,28,0,1,3.51093691452157,5
47,0,4,4,"sos_delayed","MC6",165,60,1,0,3.50864211858351,5
33,1,4,10,"sos","MC3",106,30,1,1,3.50391077807317,5
31,2,1,13,"sos","MC1",99,14,0,1,3.50109584993547,5
5,3,5,23,"sos_delayed","MC3",180,10,1,1,3.49142097986953,5
50,3,5,23,"sos_delayed","MC6",184,39,1,1,3.48265274408562,5
50,3,1,19,"sos_delayed","MC6",184,39,0,1,3.47785171027685,5
43,1,2,8,"sos","MC1",150,41,0,1,3.46641344554709,5
46,1,2,8,"sos_delayed","MC1",162,58,0,0,3.46482544074628,5
31,1,0,6,"sos","MC2",98,14,0,1,3.44221156891604,5
23,2,1,13,"basic","MC2",63,17,0,0,3.44202266020901,5
46,0,3,3,"sos_delayed","MC4",161,58,0,0,3.43051587057801,5
7,0,4,4,"sos_delayed","MC4",229,24,1,0,3.4062303053251,5
23,0,4,4,"basic","MC6",61,17,1,0,3.4004065822943,5
13,2,0,12,"basic","MC2",19,44,0,0,3.39999632100086,5
33,3,5,23,"sos","MC6",108,30,1,1,3.37492799764849,5
33,3,3,21,"sos","MC6",108,30,0,1,3.37195915152942,5
3,2,1,13,"sos","MC4",91,34,0,1,3.36766964433061,5
47,0,2,2,"sos_delayed","MC6",165,60,0,0,3.3655182921364,5
50,2,3,15,"sos_delayed","MC5",183,39,0,0,3.3644415667382,5
46,2,0,12,"sos_delayed","MC6",163,58,0,0,3.35528974696807,5
33,1,5,11,"sos","MC3",106,30,1,1,3.34463963453546,5
23,1,0,6,"basic","MC3",62,17,0,0,3.34372044676707,5
52,3,0,18,"sos_delayed","MC5",192,8,0,1,3.34332462007997,5
3,0,4,4,"sos","MC6",89,34,1,1,3.32257763548757,5
43,1,3,9,"sos","MC1",150,41,0,1,3.28337855484691,5
29,3,1,19,"sos","MC2",88,29,0,1,3.2806622687985,5
37,1,0,6,"sos","MC1",122,50,0,1,3.27251133900661,5
47,3,3,21,"sos_delayed","MC4",168,60,0,1,3.27116997398191,5
42,2,2,14,"sos","MC3",147,49,0,1,3.25803196245885,5
31,2,0,12,"sos","MC1",99,14,0,1,3.25609275853214,5
31,3,0,18,"sos","MC4",100,14,0,1,3.25188639474703,5
33,3,1,19,"sos","MC6",108,30,0,1,3.24186824834385,5
29,3,0,18,"sos","MC2",88,29,0,1,3.2396210335165,5
39,3,1,19,"sos","MC2",132,28,0,1,3.22389283496946,5
47,1,0,6,"sos_delayed","MC5",166,60,0,0,3.21993875921189,5
42,1,1,7,"sos","MC5",146,49,0,1,3.21721148407055,5
43,2,3,15,"sos","MC3",151,41,0,1,3.21219593196739,5
37,1,3,9,"sos","MC1",122,50,0,1,3.19305848531164,5
5,0,2,2,"sos_delayed","MC1",177,10,0,0,3.19067179356017,5
28,3,0,18,"sos","MC3",84,56,0,1,3.17972371273202,5
44,0,4,4,"sos","MC2",153,2,1,1,3.17351591160147,5
39,3,0,18,"sos","MC2",132,28,0,1,3.16896386790581,5
33,0,3,3,"sos","MC5",105,30,0,1,3.16798885226226,5
36,2,4,16,"sos","MC5",119,43,1,1,3.15522493187557,5
3,2,3,15,"sos","MC4",91,34,0,1,3.13516872026078,5
7,0,3,3,"sos_delayed","MC4",229,24,0,0,3.13192660007481,5
49,0,4,4,"sos_delayed","MC3",173,3,1,0,3.11966739106724,5
23,1,2,8,"basic","MC3",62,17,0,0,3.11733000510034,5
55,1,0,6,"sos_delayed","MC5",202,4,0,0,3.10452625916496,5
1,1,3,9,"basic","MC3",2,9,0,0,3.10080850360995,5
16,0,5,5,"basic","MC4",29,46,1,0,3.09531761170102,5
55,0,0,0,"sos_delayed","MC6",201,4,0,0,3.08907293840244,5
50,2,2,14,"sos_delayed","MC5",183,39,0,0,3.08604746618402,5
5,0,5,5,"sos_delayed","MC1",177,10,1,0,3.07756417341814,5
32,3,5,23,"sos","MC3",104,59,1,1,3.07105467930447,5
31,1,5,11,"sos","MC2",98,14,1,1,3.07103392811929,5
17,1,1,7,"basic","MC4",34,7,0,0,3.06845654024245,5
17,2,1,13,"basic","MC2",35,7,0,0,3.06718509952754,5
32,3,2,20,"sos","MC3",104,59,0,1,3.06377482226541,5
47,0,3,3,"sos_delayed","MC6",165,60,0,0,3.05269521902428,5
2,0,2,2,"basic","MC6",45,54,0,0,3.04648627467652,5
30,3,1,19,"sos","MC2",96,40,0,1,3.03472850119927,5
30,0,2,2,"sos","MC3",93,40,0,1,3.0304101882887,5
5,0,3,3,"sos_delayed","MC1",177,10,0,0,3.02322831250352,5
33,1,1,7,"sos","MC3",106,30,0,1,3.02209790955278,5
44,3,2,20,"sos","MC3",156,2,0,1,3.01640888235208,5
44,2,1,13,"sos","MC4",155,2,0,1,3.00749630971782,5
28,1,3,9,"sos","MC1",82,56,0,1,3.00375932269924,5
6,3,0,18,"sos_delayed","MC5",224,6,0,1,2.99395692433021,5
5,0,0,0,"sos_delayed","MC1",177,10,0,0,2.98677835189905,5
29,1,5,11,"sos","MC4",86,29,1,1,2.96973454464375,5
55,1,5,11,"sos_delayed","MC5",202,4,1,0,2.96827200093193,5
5,3,3,21,"sos_delayed","MC3",180,10,0,1,2.95121554457112,5
46,1,4,10,"sos_delayed","MC1",162,58,1,0,2.94407392402606,5
29,1,4,10,"sos","MC4",86,29,1,1,2.94338498819077,5
7,2,4,16,"sos_delayed","MC6",231,24,1,0,2.93708465473872,5
46,2,3,15,"sos_delayed","MC6",163,58,0,0,2.92997046035503,5
58,0,1,1,"sos_delayed","MC2",213,12,0,0,2.9293442601331,5
55,0,4,4,"sos_delayed","MC6",201,4,1,0,2.92536579241977,5
1,3,1,19,"basic","MC1",4,9,0,0,2.9223005248572,5
49,0,2,2,"sos_delayed","MC3",173,3,0,0,2.91668929856118,5
3,1,1,7,"sos","MC2",90,34,0,1,2.90210684147793,5
37,3,0,18,"sos","MC3",124,50,0,1,2.89959766262684,5
58,1,0,6,"sos_delayed","MC4",214,12,0,0,2.87785532977358,5
21,2,3,15,"basic","MC3",55,33,0,0,2.87501566880707,5
57,3,1,19,"sos_delayed","MC5",212,38,0,1,2.87413436980413,5
44,3,3,21,"sos","MC3",156,2,0,1,2.86846055479046,5
26,0,0,0,"basic","MC2",73,20,0,0,2.86503975611056,5
1,1,1,7,"basic","MC3",2,9,0,0,2.8634110583978,5
37,1,5,11,"sos","MC1",122,50,1,1,2.86084267736,5
39,3,4,22,"sos","MC2",132,28,1,1,2.83388277127538,5
39,1,0,6,"sos","MC4",130,28,0,1,2.81709374532874,5
3,0,3,3,"sos","MC6",89,34,0,1,2.81626548751956,5
28,2,5,17,"sos","MC6",83,56,1,1,2.8151378756039,5
34,3,0,18,"sos","MC6",112,42,0,1,2.81000841712994,5
60,3,1,19,"sos_delayed","MC5",228,51,0,1,2.80104042399113,5
17,1,0,6,"basic","MC4",34,7,0,0,2.78888176460026,5
36,0,1,1,"sos","MC4",117,43,0,1,2.78065266566664,5
5,2,2,14,"sos_delayed","MC2",179,10,0,0,2.771462879406,5
36,0,4,4,"sos","MC4",117,43,1,1,2.76894365311114,5
44,3,0,18,"sos","MC3",156,2,0,1,2.76417912279015,5
31,0,3,3,"sos","MC3",97,14,0,1,2.76211367826862,5
39,1,2,8,"sos","MC4",130,28,0,1,2.74739495584744,5
46,2,5,17,"sos_delayed","MC6",163,58,1,0,2.74472886648397,5
29,0,0,0,"sos","MC3",85,29,0,1,2.73602912407378,5
26,1,2,8,"basic","MC6",74,20,0,0,2.72447141427822,5
50,3,2,20,"sos_delayed","MC6",184,39,0,1,2.70812019750693,5
50,3,0,18,"sos_delayed","MC6",184,39,0,1,2.70603762634893,5
39,0,5,5,"sos","MC3",129,28,1,1,2.70520446093252,5
31,3,2,20,"sos","MC4",100,14,0,1,2.70140113836851,5
28,3,5,23,"sos","MC3",84,56,1,1,2.68679397192878,5
28,2,1,13,"sos","MC6",83,56,0,1,2.68123061869982,5
30,0,1,1,"sos","MC3",93,40,0,1,2.67619196067372,4
53,2,3,15,"sos_delayed","MC4",195,16,0,0,2.66838159218371,4
31,1,1,7,"sos","MC2",98,14,0,1,2.66449021291786,4
20,2,3,15,"basic","MC1",51,11,0,0,2.66336911867926,4
31,2,4,16,"sos","MC1",99,14,1,1,2.64493924231821,4
17,0,1,1,"basic","MC3",33,7,0,0,2.62470542966025,4
42,2,3,15,"sos","MC3",147,49,0,1,2.60917565594759,4
57,3,0,18,"sos_delayed","MC5",212,38,0,1,2.60372599933079,4
26,1,4,10,"basic","MC6",74,20,1,0,2.59628158572747,4
10,1,1,7,"basic","MC3",6,27,0,0,2.58996785207265,4
7,2,1,13,"sos_delayed","MC6",231,24,0,0,2.58402471855724,4
31,2,3,15,"sos","MC1",99,14,0,1,2.57807258133282,4
10,0,3,3,"basic","MC6",5,27,0,0,2.57571883449022,4
13,2,2,14,"basic","MC2",19,44,0,0,2.5654972861502,4
55,3,5,23,"sos_delayed","MC1",204,4,1,1,2.55499700635306,4
17,1,2,8,"basic","MC4",34,7,0,0,2.55054536378564,4
31,3,4,22,"sos","MC4",100,14,1,1,2.55006139488985,4
46,0,1,1,"sos_delayed","MC4",161,58,0,0,2.54447906647367,4
4,0,0,0,"sos","MC6",133,13,0,1,2.54439757007988,4
46,2,2,14,"sos_delayed","MC6",163,58,0,0,2.53780957127388,4
55,1,3,9,"sos_delayed","MC5",202,4,0,0,2.53585323619398,4
1,3,4,22,"basic","MC1",4,9,1,0,2.52686147616464,4
55,1,1,7,"sos_delayed","MC5",202,4,0,0,2.51352215228001,4
3,3,0,18,"sos","MC3",92,34,0,1,2.50490043793176,4
4,1,1,7,"sos","MC1",134,13,0,1,2.50226283686172,4
8,1,2,8,"sos_delayed","MC3",234,18,0,0,2.49669638340081,4
37,1,2,8,"sos","MC1",122,50,0,1,2.48832685313987,4
2,0,3,3,"basic","MC6",45,54,0,0,2.48746233977044,4
3,0,5,5,"sos","MC6",89,34,1,1,2.48354612759407,4
50,1,0,6,"sos_delayed","MC1",182,39,0,0,2.48201579907834,4
48,1,1,7,"sos_delayed","MC4",170,15,0,0,2.47383832761153,4
5,3,0,18,"sos_delayed","MC3",180,10,0,1,2.47378552454294,4
29,3,2,20,"sos","MC2",88,29,0,1,2.46925372944232,4
46,0,5,5,"sos_delayed","MC4",161,58,1,0,2.46643940253246,4
33,1,3,9,"sos","MC3",106,30,0,1,2.46197497023811,4
40,3,3,21,"sos","MC1",140,35,0,1,2.45740355486993,4
3,1,3,9,"sos","MC2",90,34,0,1,2.44688288036237,4
30,2,3,15,"sos","MC5",95,40,0,1,2.44518947223272,4
8,3,2,20,"sos_delayed","MC1",236,18,0,1,2.44245636813765,4
3,2,2,14,"sos","MC4",91,34,0,1,2.44234540388028,4
23,1,4,10,"basic","MC3",62,17,1,0,2.41352603917902,4
8,3,0,18,"sos_delayed","MC1",236,18,0,1,2.4128613113059,4
31,0,4,4,"sos","MC3",97,14,1,1,2.40720544223909,4
6,3,4,22,"sos_delayed","MC5",224,6,1,1,2.3967835691074,4
31,1,3,9,"sos","MC2",98,14,0,1,2.39445055537765,4
11,0,3,3,"basic","MC3",9,57,0,0,2.38433031948896,4
50,1,1,7,"sos_delayed","MC1",182,39,0,0,2.38259068307021,4
31,2,2,14,"sos","MC1",99,14,0,1,2.37729709671235,4
4,2,5,17,"sos","MC4",135,13,1,1,2.37652305030853,4
29,0,3,3,"sos","MC3",85,29,0,1,2.37005623618788,4
60,2,0,12,"sos_delayed","MC1",227,51,0,0,2.36722977989297,4
37,1,4,10,"sos","MC1",122,50,1,1,2.3653861173026,4
33,3,4,22,"sos","MC6",108,30,1,1,2.36398253159796,4
53,3,3,21,"sos_delayed","MC1",196,16,0,1,2.35480041603147,4
57,3,2,20,"sos_delayed","MC5",212,38,0,1,2.35139053708748,4
33,3,0,18,"sos","MC6",108,30,0,1,2.34939541487687,4
42,1,4,10,"sos","MC5",146,49,1,1,2.33030398015476,4
44,1,1,7,"sos","MC6",154,2,0,1,2.31616159025414,4
6,0,4,4,"sos_delayed","MC1",221,6,1,0,2.31233496101179,4
33,0,1,1,"sos","MC5",105,30,0,1,2.3080145815889,4
29,1,2,8,"sos","MC4",86,29,0,1,2.29510436558014,4
36,2,5,17,"sos","MC5",119,43,1,1,2.29275815350593,4
9,0,3,3,"sos_delayed","MC5",237,31,0,0,2.28967810253949,4
26,1,0,6,"basic","MC6",74,20,0,0,2.28378262960592,4
1,2,1,13,"basic","MC4",3,9,0,0,2.27986131744995,4
29,0,2,2,"sos","MC3",85,29,0,1,2.27663601046446,4
7,2,3,15,"sos_delayed","MC6",231,24,0,0,2.27540093528886,4
17,1,3,9,"basic","MC4",34,7,0,0,2.26603446804649,4
8,3,1,19,"sos_delayed","MC1",236,18,0,1,2.26011468007494,4
43,2,1,13,"sos","MC3",151,41,0,1,2.24857491878273,4
31,1,4,10,"sos","MC2",98,14,1,1,2.24543118827127,4
38,2,0,12,"sos","MC6",127,55,0,1,2.24307246505701,4
52,3,1,19,"sos_delayed","MC5",192,8,0,1,2.23824503816404,4
38,1,2,8,"sos","MC1",126,55,0,1,2.23248262220592,4
36,2,0,12,"sos","MC5",119,43,0,1,2.22373382170896,4
12,1,3,9,"basic","MC1",14,32,0,0,2.2077533713082,4
42,2,1,13,"sos","MC3",147,49,0,1,2.20400566475303,4
9,2,0,12,"sos_delayed","MC4",239,31,0,0,2.20240223401289,4
33,1,0,6,"sos","MC3",106,30,0,1,2.19659927788227,4
6,3,3,21,"sos_delayed","MC5",224,6,0,1,2.19579218387217,4
28,0,1,1,"sos","MC4",81,56,0,1,2.19538985619781,4
44,0,3,3,"sos","MC2",153,2,0,1,2.19201549559364,4
39,2,0,12,"sos","MC6",131,28,0,1,2.18556192764105,4
20,2,0,12,"basic","MC1",51,11,0,0,2.18407452440756,4
57,3,3,21,"sos_delayed","MC5",212,38,0,1,2.17769295430477,4
34,3,2,20,"sos","MC6",112,42,0,1,2.1765464404893,4
31,0,5,5,"sos","MC3",97,14,1,1,2.17006863402779,4
44,2,0,12,"sos","MC4",155,2,0,1,2.16711267563802,4
55,2,5,17,"sos_delayed","MC2",203,4,1,0,2.1633330217729,4
51,1,0,6,"sos_delayed","MC4",186,21,0,0,2.15841538174892,4
8,3,4,22,"sos_delayed","MC1",236,18,1,1,2.15765967816727,4
28,2,0,12,"sos","MC6",83,56,0,1,2.14971121485656,4
51,1,5,11,"sos_delayed","MC4",186,21,1,0,2.14668381365854,4
13,2,1,13,"basic","MC2",19,44,0,0,2.14323073422404,4
36,1,2,8,"sos","MC3",118,43,0,1,2.14167825127292,4
10,3,5,23,"basic","MC1",8,27,1,0,2.13068268472747,4
34,2,5,17,"sos","MC3",111,42,1,1,2.1289851167798,4
13,2,3,15,"basic","MC2",19,44,0,0,2.12261409706924,4
38,1,4,10,"sos","MC1",126,55,1,1,2.11640252019882,4
12,3,4,22,"basic","MC5",16,32,1,0,2.11536218420097,4
3,3,1,19,"sos","MC3",92,34,0,1,2.11393036354801,4
37,1,1,7,"sos","MC1",122,50,0,1,2.1119533542454,4
5,0,4,4,"sos_delayed","MC1",177,10,1,0,2.11136761917617,4
6,0,1,1,"sos_delayed","MC1",221,6,0,0,2.10900264395242,4
28,3,3,21,"sos","MC3",84,56,0,1,2.10839978491917,4
50,3,3,21,"sos_delayed","MC6",184,39,0,1,2.10295682383097,4
28,0,4,4,"sos","MC4",81,56,1,1,2.10128840181615,4
52,3,3,21,"sos_delayed","MC5",192,8,0,1,2.08865255929864,4
52,3,2,20,"sos_delayed","MC5",192,8,0,1,2.08862907741747,4
2,0,5,5,"basic","MC6",45,54,1,0,2.08837075770884,4
30,2,2,14,"sos","MC5",95,40,0,1,2.08441323448005,4
60,2,1,13,"sos_delayed","MC1",227,51,0,0,2.07452246649965,4
6,3,2,20,"sos_delayed","MC5",224,6,0,1,2.06396504696138,4
39,3,2,20,"sos","MC2",132,28,0,1,2.06160912568071,4
21,2,1,13,"basic","MC3",55,33,0,0,2.0588499936891,4
3,3,2,20,"sos","MC3",92,34,0,1,2.0529381885943,4
30,3,3,21,"sos","MC2",96,40,0,1,2.0417172157076,4
42,1,2,8,"sos","MC5",146,49,0,1,2.03934256574095,4
7,3,3,21,"sos_delayed","MC2",232,24,0,1,2.03671471277481,4
37,3,2,20,"sos","MC3",124,50,0,1,2.03336908307039,4
44,2,5,17,"sos","MC4",155,2,1,1,2.03229447499691,4
38,2,5,17,"sos","MC6",127,55,1,1,2.02366536574837,4
38,2,4,16,"sos","MC6",127,55,1,1,2.00634947084437,4
3,1,0,6,"sos","MC2",90,34,0,1,2.00189128586677,4
51,1,1,7,"sos_delayed","MC4",186,21,0,0,1.99887316998888,4
47,3,5,23,"sos_delayed","MC4",168,60,1,1,1.99884784807281,4
17,1,4,10,"basic","MC4",34,7,1,0,1.99835806956868,4
26,1,5,11,"basic","MC6",74,20,1,0,1.98616439261835,4
33,0,2,2,"sos","MC5",105,30,0,1,1.98599166924519,4
30,0,0,0,"sos","MC3",93,40,0,1,1.98248811147701,4
1,2,0,12,"basic","MC4",3,9,0,0,1.98168594508163,4
29,3,4,22,"sos","MC2",88,29,1,1,1.98143881928801,4
44,0,5,5,"sos","MC2",153,2,1,1,1.97688753237473,4
28,1,4,10,"sos","MC1",82,56,1,1,1.96908269459368,4
23,0,0,0,"basic","MC6",61,17,0,0,1.96881950956806,4
46,0,4,4,"sos_delayed","MC4",161,58,1,0,1.96576647994302,4
3,1,2,8,"sos","MC2",90,34,0,1,1.96302492817056,4
5,2,4,16,"sos_delayed","MC2",179,10,1,0,1.95363645648495,4
47,3,1,19,"sos_delayed","MC4",168,60,0,1,1.95038185100294,4
9,2,2,14,"sos_delayed","MC4",239,31,0,0,1.94563953545087,4
55,3,4,22,"sos_delayed","MC1",204,4,1,1,1.94315108101842,4
1,3,0,18,"basic","MC1",4,9,0,0,1.93905345258101,4
47,0,1,1,"sos_delayed","MC6",165,60,0,0,1.93441331193837,4
5,2,0,12,"sos_delayed","MC2",179,10,0,0,1.91267899702177,4
1,3,5,23,"basic","MC1",4,9,1,0,1.90426127427204,4
36,1,4,10,"sos","MC3",118,43,1,1,1.88356861764502,4
8,2,0,12,"sos_delayed","MC5",235,18,0,0,1.8802738500199,4
47,0,0,0,"sos_delayed","MC6",165,60,0,0,1.8787989467809,4
47,3,0,18,"sos_delayed","MC4",168,60,0,1,1.86700022756987,4
44,1,3,9,"sos","MC6",154,2,0,1,1.8619574479286,4
37,3,5,23,"sos","MC3",124,50,1,1,1.86189369557999,4
34,2,3,15,"sos","MC3",111,42,0,1,1.85196218519474,4
42,1,5,11,"sos","MC5",146,49,1,1,1.82082636354289,4
1,3,3,21,"basic","MC1",4,9,0,0,1.82003518682045,4
29,1,3,9,"sos","MC4",86,29,0,1,1.81964857920928,4
7,2,2,14,"sos_delayed","MC6",231,24,0,0,1.81826889680768,4
38,1,1,7,"sos","MC1",126,55,0,1,1.80407073978057,4
21,2,2,14,"basic","MC3",55,33,0,0,1.79234203253168,4
53,2,1,13,"sos_delayed","MC4",195,16,0,0,1.78856496962658,4
6,0,3,3,"sos_delayed","MC1",221,6,0,0,1.78473917757985,4
4,1,3,9,"sos","MC1",134,13,0,1,1.78374612624212,4
6,3,5,23,"sos_delayed","MC5",224,6,1,1,1.78254517402966,4
60,0,2,2,"sos_delayed","MC6",225,51,0,0,1.78205885845192,4
60,3,3,21,"sos_delayed","MC5",228,51,0,1,1.78059266749108,4
21,2,0,12,"basic","MC3",55,33,0,0,1.77893328140161,4
5,3,1,19,"sos_delayed","MC3",180,10,0,1,1.77293968530731,4
28,3,4,22,"sos","MC3",84,56,1,1,1.76387867768868,4
46,1,1,7,"sos_delayed","MC1",162,58,0,0,1.75336398600843,4
12,0,2,2,"basic","MC3",13,32,0,0,1.7521454509175,4
20,0,2,2,"basic","MC2",49,11,0,0,1.74718413410121,4
36,0,0,0,"sos","MC4",117,43,0,1,1.74596620476814,4
25,1,0,6,"basic","MC6",70,5,0,0,1.74449820687573,4
30,0,5,5,"sos","MC3",93,40,1,1,1.73056500449259,4
60,0,0,0,"sos_delayed","MC6",225,51,0,0,1.72912949126703,4
39,2,2,14,"sos","MC6",131,28,0,1,1.71288188990317,4
56,3,3,21,"sos_delayed","MC1",208,25,0,1,1.71050075793306,4
8,3,5,23,"sos_delayed","MC1",236,18,1,1,1.69826070933086,4
40,1,4,10,"sos","MC6",138,35,1,1,1.69734243735618,4
23,1,3,9,"basic","MC3",62,17,0,0,1.69683375576256,4
3,2,4,16,"sos","MC4",91,34,1,1,1.69434081658993,4
10,3,2,20,"basic","MC1",8,27,0,0,1.69356803557372,4
40,0,0,0,"sos","MC4",137,35,0,1,1.69127218705495,4
1,0,1,1,"basic","MC2",1,9,0,0,1.68671479566481,4
5,1,3,9,"sos_delayed","MC4",178,10,0,0,1.65991924497603,4
34,2,2,14,"sos","MC3",111,42,0,1,1.65686679328759,4
44,3,1,19,"sos","MC3",156,2,0,1,1.65296175733779,4
5,1,5,11,"sos_delayed","MC4",178,10,1,0,1.64998240990268,4
2,3,1,19,"basic","MC2",48,54,0,0,1.64731456164378,4
46,1,5,11,"sos_delayed","MC1",162,58,1,0,1.64699918256936,4
42,0,3,3,"sos","MC2",145,49,0,1,1.64483514147491,4
18,0,2,2,"basic","MC3",37,48,0,0,1.64389290944425,4
46,1,3,9,"sos_delayed","MC1",162,58,0,0,1.62202665077276,4
17,2,5,17,"basic","MC2",35,7,1,0,1.61595008291321,4
37,2,1,13,"sos","MC2",123,50,0,1,1.61545893573265,4
2,0,1,1,"basic","MC6",45,54,0,0,1.61080994972161,4
36,1,0,6,"sos","MC3",118,43,0,1,1.6092743021279,4
6,2,5,17,"sos_delayed","MC4",223,6,1,0,1.60112181375924,4
10,3,3,21,"basic","MC1",8,27,0,0,1.59488977084834,4
23,3,5,23,"basic","MC1",64,17,1,0,1.59402039896338,4
33,1,2,8,"sos","MC3",106,30,0,1,1.58532077618955,4
33,0,0,0,"sos","MC5",105,30,0,1,1.57990106971785,4
3,3,3,21,"sos","MC3",92,34,0,1,1.57654826337022,4
37,2,5,17,"sos","MC2",123,50,1,1,1.57486022235426,4
39,1,3,9,"sos","MC4",130,28,0,1,1.57270364450543,4
9,2,5,17,"sos_delayed","MC4",239,31,1,0,1.57136180746619,4
37,3,3,21,"sos","MC3",124,50,0,1,1.570901389954,4
39,2,1,13,"sos","MC6",131,28,0,1,1.56918487585665,4
16,2,1,13,"basic","MC2",31,46,0,0,1.56538478993778,4
28,2,3,15,"sos","MC6",83,56,0,1,1.56506778460787,4
50,1,2,8,"sos_delayed","MC1",182,39,0,0,1.55914444302419,4
40,3,5,23,"sos","MC1",140,35,1,1,1.54626291782961,4
10,3,0,18,"basic","MC1",8,27,0,0,1.54605141974692,4
8,0,3,3,"sos_delayed","MC2",233,18,0,0,1.54221702234285,4
39,2,4,16,"sos","MC6",131,28,1,1,1.52809715908449,4
37,3,1,19,"sos","MC3",124,50,0,1,1.52522404455945,4
36,2,1,13,"sos","MC5",119,43,0,1,1.51125680516679,4
8,2,2,14,"sos_delayed","MC5",235,18,0,0,1.50875932120072,4
7,3,1,19,"sos_delayed","MC2",232,24,0,1,1.50442141058864,4
58,0,4,4,"sos_delayed","MC2",213,12,1,0,1.50303879016087,4
51,3,4,22,"sos_delayed","MC5",188,21,1,1,1.49418947315648,4
51,1,2,8,"sos_delayed","MC4",186,21,0,0,1.49327553210171,4
58,1,3,9,"sos_delayed","MC4",214,12,0,0,1.48763199539184,4
42,2,0,12,"sos","MC3",147,49,0,1,1.4792894810821,4
6,0,2,2,"sos_delayed","MC1",221,6,0,0,1.47678703488014,4
36,1,1,7,"sos","MC3",118,43,0,1,1.4710662730125,4
7,3,5,23,"sos_delayed","MC2",232,24,1,1,1.46447532600451,4
38,1,0,6,"sos","MC1",126,55,0,1,1.45944084345721,4
16,3,3,21,"basic","MC5",32,46,0,0,1.4579545923293,4
35,0,0,0,"sos","MC3",113,23,0,1,1.45557845533361,4
17,0,5,5,"basic","MC3",33,7,1,0,1.45457678623888,4
6,3,1,19,"sos_delayed","MC5",224,6,0,1,1.44671560374843,4
20,0,3,3,"basic","MC2",49,11,0,0,1.44588379047244,4
16,3,0,18,"basic","MC5",32,46,0,0,1.43964181222362,4
2,3,0,18,"basic","MC2",48,54,0,0,1.43949762720685,4
34,3,3,21,"sos","MC6",112,42,0,1,1.4284838788984,4
48,1,3,9,"sos_delayed","MC4",170,15,0,0,1.42433570858518,4
17,2,4,16,"basic","MC2",35,7,1,0,1.42215929914598,4
32,3,1,19,"sos","MC3",104,59,0,1,1.41220293106549,4
3,1,5,11,"sos","MC2",90,34,1,1,1.41117678808651,4
48,1,2,8,"sos_delayed","MC4",170,15,0,0,1.40453600364264,4
16,3,5,23,"basic","MC5",32,46,1,0,1.40207341494197,3
17,2,2,14,"basic","MC2",35,7,0,0,1.40138166044808,3
28,0,2,2,"sos","MC4",81,56,0,1,1.39729687984197,3
7,0,2,2,"sos_delayed","MC4",229,24,0,0,1.39627019068251,3
7,3,0,18,"sos_delayed","MC2",232,24,0,1,1.38954965876155,3
53,3,4,22,"sos_delayed","MC1",196,16,1,1,1.38827417555178,3
30,3,2,20,"sos","MC2",96,40,0,1,1.38658247092483,3
40,0,4,4,"sos","MC4",137,35,1,1,1.38591382878837,3
39,0,4,4,"sos","MC3",129,28,1,1,1.3846495216024,3
20,3,0,18,"basic","MC5",52,11,0,0,1.38248430828125,3
1,0,0,0,"basic","MC2",1,9,0,0,1.37860872184711,3
44,3,5,23,"sos","MC3",156,2,1,1,1.3764869521813,3
50,0,4,4,"sos_delayed","MC2",181,39,1,0,1.37496472604861,3
17,1,5,11,"basic","MC4",34,7,1,0,1.36546332953001,3
46,1,0,6,"sos_delayed","MC1",162,58,0,0,1.36211242997944,3
2,0,0,0,"basic","MC6",45,54,0,0,1.35958870380126,3
34,1,0,6,"sos","MC5",110,42,0,1,1.34754055622199,3
18,0,1,1,"basic","MC3",37,48,0,0,1.34612550360416,3
20,0,0,0,"basic","MC2",49,11,0,0,1.34592859771967,3
16,3,2,20,"basic","MC5",32,46,0,0,1.34501103268234,3
60,0,4,4,"sos_delayed","MC6",225,51,1,0,1.33755743955454,3
48,0,3,3,"sos_delayed","MC5",169,15,0,0,1.33705118415188,3
43,2,2,14,"sos","MC3",151,41,0,1,1.32789703386927,3
36,0,2,2,"sos","MC4",117,43,0,1,1.32719029118438,3
8,1,4,10,"sos_delayed","MC3",234,18,1,0,1.31846589603672,3
47,0,5,5,"sos_delayed","MC6",165,60,1,0,1.31259141915348,3
16,3,1,19,"basic","MC5",32,46,0,0,1.31078797438473,3
39,0,2,2,"sos","MC3",129,28,0,1,1.30871278047201,3
12,2,2,14,"basic","MC4",15,32,0,0,1.3020730439422,3
4,0,4,4,"sos","MC6",133,13,1,1,1.29936334214296,3
2,1,3,9,"basic","MC1",46,54,0,0,1.2871914917374,3
39,3,5,23,"sos","MC2",132,28,1,1,1.28184719721041,3
16,2,0,12,"basic","MC2",31,46,0,0,1.27852549956326,3
43,2,4,16,"sos","MC3",151,41,1,1,1.2739747033772,3
29,0,4,4,"sos","MC3",85,29,1,1,1.27378212015514,3
41,0,1,1,"sos","MC4",141,36,0,1,1.27287719353333,3
12,3,5,23,"basic","MC5",16,32,1,0,1.2685672107127,3
40,1,1,7,"sos","MC6",138,35,0,1,1.26528010902086,3
49,0,3,3,"sos_delayed","MC3",173,3,0,0,1.25626708404731,3
39,1,1,7,"sos","MC4",130,28,0,1,1.25583529901738,3
49,1,0,6,"sos_delayed","MC2",174,3,0,0,1.25251313297875,3
18,0,5,5,"basic","MC3",37,48,1,0,1.25213482144996,3
36,0,3,3,"sos","MC4",117,43,0,1,1.249707579036,3
50,0,2,2,"sos_delayed","MC2",181,39,0,0,1.24629952212685,3
45,3,0,18,"sos","MC1",160,37,0,1,1.24563428002798,3
4,2,0,12,"sos","MC4",135,13,0,1,1.23696362984322,3
29,0,1,1,"sos","MC3",85,29,0,1,1.23510853232068,3
40,0,3,3,"sos","MC4",137,35,0,1,1.2348731978891,3
6,1,4,10,"sos_delayed","MC2",222,6,1,0,1.2276017050569,3
42,0,0,0,"sos","MC2",145,49,0,1,1.22592458642946,3
18,0,3,3,"basic","MC3",37,48,0,0,1.22535568336819,3
2,1,1,7,"basic","MC1",46,54,0,0,1.22125419915617,3
4,1,0,6,"sos","MC1",134,13,0,1,1.22043927639268,3
35,3,2,20,"sos","MC4",116,23,0,1,1.21622857538245,3
40,2,2,14,"sos","MC2",139,35,0,1,1.2117589910468,3
1,2,4,16,"basic","MC4",3,9,1,0,1.20650168305721,3
36,2,2,14,"sos","MC5",119,43,0,1,1.20514061527101,3
34,2,1,13,"sos","MC3",111,42,0,1,1.20385492125458,3
37,2,2,14,"sos","MC2",123,50,0,1,1.19914842241244,3
51,1,4,10,"sos_delayed","MC4",186,21,1,0,1.19436700825221,3
30,1,4,10,"sos","MC6",94,40,1,1,1.19069668616188,3
4,0,2,2,"sos","MC6",133,13,0,1,1.18993724435081,3
41,0,2,2,"sos","MC4",141,36,0,1,1.18582186788862,3
34,2,4,16,"sos","MC3",111,42,1,1,1.18124253795494,3
6,2,3,15,"sos_delayed","MC4",223,6,0,0,1.17618184451937,3
30,0,3,3,"sos","MC3",93,40,0,1,1.17609900970437,3
48,0,5,5,"sos_delayed","MC5",169,15,1,0,1.17563960400492,3
8,0,2,2,"sos_delayed","MC2",233,18,0,0,1.17457690541997,3
21,2,4,16,"basic","MC3",55,33,1,0,1.17440608320855,3
48,1,0,6,"sos_delayed","MC4",170,15,0,0,1.17402523575957,3
8,0,1,1,"sos_delayed","MC2",233,18,0,0,1.17377203085546,3
42,0,4,4,"sos","MC2",145,49,1,1,1.16252994008744,3
4,0,1,1,"sos","MC6",133,13,0,1,1.16219153496236,3
49,2,3,15,"sos_delayed","MC6",175,3,0,0,1.16191054789614,3
42,0,5,5,"sos","MC2",145,49,1,1,1.16013554810245,3
53,2,5,17,"sos_delayed","MC4",195,16,1,0,1.15641379258648,3
7,0,5,5,"sos_delayed","MC4",229,24,1,0,1.1515446976144,3
5,1,1,7,"sos_delayed","MC4",178,10,0,0,1.15102145231438,3
6,2,2,14,"sos_delayed","MC4",223,6,0,0,1.14289375763924,3
37,3,4,22,"sos","MC3",124,50,1,1,1.14189345947632,3
48,0,0,0,"sos_delayed","MC5",169,15,0,0,1.13913591870103,3
60,0,3,3,"sos_delayed","MC6",225,51,0,0,1.12966456335216,3
43,3,5,23,"sos","MC5",152,41,1,1,1.12901250279891,3
20,2,1,13,"basic","MC1",51,11,0,0,1.12776015337098,3
58,3,1,19,"sos_delayed","MC5",216,12,0,1,1.11885940640489,3
32,3,3,21,"sos","MC3",104,59,0,1,1.11594016987298,3
34,1,3,9,"sos","MC5",110,42,0,1,1.11413255289905,3
13,2,5,17,"basic","MC2",19,44,1,0,1.10339218421217,3
25,2,5,17,"basic","MC3",71,5,1,0,1.09672269112078,3
60,3,0,18,"sos_delayed","MC5",228,51,0,1,1.09246099921807,3
1,0,3,3,"basic","MC2",1,9,0,0,1.08627831532552,3
8,2,4,16,"sos_delayed","MC5",235,18,1,0,1.07657707610794,3
36,0,5,5,"sos","MC4",117,43,1,1,1.06075594121719,3
60,0,5,5,"sos_delayed","MC6",225,51,1,0,1.05372967960732,3
38,1,3,9,"sos","MC1",126,55,0,1,1.04916357609019,3
12,2,3,15,"basic","MC4",15,32,0,0,1.04619456951447,3
9,2,1,13,"sos_delayed","MC4",239,31,0,0,1.04534274791693,3
39,2,3,15,"sos","MC6",131,28,0,1,1.04463726670214,3
38,2,2,14,"sos","MC6",127,55,0,1,1.04367937253276,3
50,1,3,9,"sos_delayed","MC1",182,39,0,0,1.03357101621513,3
60,3,4,22,"sos_delayed","MC5",228,51,1,1,1.03194570175734,3
4,1,5,11,"sos","MC1",134,13,1,1,1.02326039722043,3
30,1,5,11,"sos","MC6",94,40,1,1,1.01277179357997,3
16,2,4,16,"basic","MC2",31,46,1,0,1.00521520339217,3
60,2,4,16,"sos_delayed","MC1",227,51,1,0,0.99893640120424,3
58,1,1,7,"sos_delayed","MC4",214,12,0,0,0.9974967197322,3
4,1,2,8,"sos","MC1",134,13,0,1,0.9965229418996,3
34,0,4,4,"sos","MC1",109,42,1,1,0.991277981393587,3
53,3,2,20,"sos_delayed","MC1",196,16,0,1,0.989160700529314,3
22,2,4,16,"basic","MC5",59,26,1,0,0.978071339348233,3
49,2,1,13,"sos_delayed","MC6",175,3,0,0,0.976699083941036,3
31,0,1,1,"sos","MC3",97,14,0,1,0.969488906614334,3
20,2,2,14,"basic","MC1",51,11,0,0,0.969015267581431,3
6,2,1,13,"sos_delayed","MC4",223,6,0,0,0.968646631181352,3
57,3,4,22,"sos_delayed","MC5",212,38,1,1,0.956376248802784,3
44,1,2,8,"sos","MC6",154,2,0,1,0.954771035070309,3
50,3,4,22,"sos_delayed","MC6",184,39,1,1,0.951755498577039,3
29,3,3,21,"sos","MC2",88,29,0,1,0.939020719126005,3
12,3,0,18,"basic","MC5",16,32,0,0,0.928816854062801,3
10,3,1,19,"basic","MC1",8,27,0,0,0.927942435568311,3
43,0,0,0,"sos","MC2",149,41,0,1,0.92614495705687,3
58,2,1,13,"sos_delayed","MC3",215,12,0,0,0.924754564223946,3
46,0,2,2,"sos_delayed","MC4",161,58,0,0,0.922596297450045,3
17,3,1,19,"basic","MC1",36,7,0,0,0.922061770810372,3
42,2,5,17,"sos","MC3",147,49,1,1,0.921011518042743,3
22,2,2,14,"basic","MC5",59,26,0,0,0.919372545087724,3
36,1,3,9,"sos","MC3",118,43,0,1,0.904551926020213,3
18,3,1,19,"basic","MC2",40,48,0,0,0.896166299685111,3
7,2,0,12,"sos_delayed","MC6",231,24,0,0,0.888825263856606,3
49,1,3,9,"sos_delayed","MC2",174,3,0,0,0.887676037638808,3
51,0,1,1,"sos_delayed","MC3",185,21,0,0,0.887547779896704,3
40,3,1,19,"sos","MC1",140,35,0,1,0.886995766358392,3
58,1,2,8,"sos_delayed","MC4",214,12,0,0,0.882494259269664,3
11,0,5,5,"basic","MC3",9,57,1,0,0.882435253996984,3
30,2,4,16,"sos","MC5",95,40,1,1,0.882209756265031,3
2,3,2,20,"basic","MC2",48,54,0,0,0.876259171174943,3
26,1,3,9,"basic","MC6",74,20,0,0,0.870740907124666,3
31,1,2,8,"sos","MC2",98,14,0,1,0.870296756766969,3
7,3,2,20,"sos_delayed","MC2",232,24,0,1,0.853787023661133,3
23,1,5,11,"basic","MC3",62,17,1,0,0.848520660737915,3
43,2,0,12,"sos","MC3",151,41,0,1,0.844644645340859,3
34,3,4,22,"sos","MC6",112,42,1,1,0.843288981467359,3
43,3,4,22,"sos","MC5",152,41,1,1,0.839695393296322,3
47,2,5,17,"sos_delayed","MC3",167,60,1,0,0.833347240459935,3
51,0,2,2,"sos_delayed","MC3",185,21,0,0,0.825432438644071,3
30,3,5,23,"sos","MC2",96,40,1,1,0.813086024465747,3
33,0,5,5,"sos","MC5",105,30,1,1,0.812775499193155,3
51,0,4,4,"sos_delayed","MC3",185,21,1,0,0.811347772324359,3
49,0,5,5,"sos_delayed","MC3",173,3,1,0,0.808799344903742,3
47,2,1,13,"sos_delayed","MC3",167,60,0,0,0.803812994947292,3
18,1,0,6,"basic","MC6",38,48,0,0,0.799668090012063,3
18,1,1,7,"basic","MC6",38,48,0,0,0.784754362817111,3
16,0,2,2,"basic","MC4",29,46,0,0,0.781422012457436,3
58,1,4,10,"sos_delayed","MC4",214,12,1,0,0.776579962425421,3
10,0,2,2,"basic","MC6",5,27,0,0,0.776308417496636,3
16,0,3,3,"basic","MC4",29,46,0,0,0.772636104298724,3
60,3,2,20,"sos_delayed","MC5",228,51,0,1,0.755805694673576,3
40,3,0,18,"sos","MC1",140,35,0,1,0.745028562177048,3
7,2,5,17,"sos_delayed","MC6",231,24,1,0,0.741034173447931,3
58,1,5,11,"sos_delayed","MC4",214,12,1,0,0.731396742554228,3
10,0,4,4,"basic","MC6",5,27,1,0,0.729682693265124,3
42,1,3,9,"sos","MC5",146,49,0,1,0.723142792196227,3
58,0,0,0,"sos_delayed","MC2",213,12,0,0,0.706315043831886,3
53,2,2,14,"sos_delayed","MC4",195,16,0,0,0.701680687902533,3
37,2,0,12,"sos","MC2",123,50,0,1,0.700688745809782,3
43,3,2,20,"sos","MC5",152,41,0,1,0.688924174806153,3
27,2,4,16,"basic","MC4",79,19,1,0,0.688251900880872,3
59,2,3,15,"sos_delayed","MC2",219,47,0,0,0.684111363052666,3
20,2,5,17,"basic","MC1",51,11,1,0,0.681939854726108,3
58,3,3,21,"sos_delayed","MC5",216,12,0,1,0.674784366606492,3
25,1,1,7,"basic","MC6",70,5,0,0,0.671077988185311,3
60,2,5,17,"sos_delayed","MC1",227,51,1,0,0.652243931137417,3
58,0,3,3,"sos_delayed","MC2",213,12,0,0,0.651180450115883,3
34,1,4,10,"sos","MC5",110,42,1,1,0.65093825369038,3
57,1,2,8,"sos_delayed","MC4",210,38,0,0,0.644777193757551,3
45,2,3,15,"sos","MC6",159,37,0,1,0.643354990219758,3
6,1,2,8,"sos_delayed","MC2",222,6,0,0,0.642733555349018,3
13,2,4,16,"basic","MC2",19,44,1,0,0.634679162610193,3
43,0,5,5,"sos","MC2",149,41,1,1,0.625896462695606,3
11,1,1,7,"basic","MC1",10,57,0,0,0.621816503384213,3
8,0,4,4,"sos_delayed","MC2",233,18,1,0,0.621467621893096,3
50,0,0,0,"sos_delayed","MC2",181,39,0,0,0.615581357101146,3
59,2,4,16,"sos_delayed","MC2",219,47,1,0,0.610971325121925,3
60,0,1,1,"sos_delayed","MC6",225,51,0,0,0.604882177855369,3
40,1,3,9,"sos","MC6",138,35,0,1,0.603158979312122,3
58,3,0,18,"sos_delayed","MC5",216,12,0,1,0.60214816682849,3
47,2,4,16,"sos_delayed","MC3",167,60,1,0,0.601180680078154,3
43,0,4,4,"sos","MC2",149,41,1,1,0.600254905353069,3
3,3,4,22,"sos","MC3",92,34,1,1,0.599761691524913,3
6,1,1,7,"sos_delayed","MC2",222,6,0,0,0.594778503551362,3
28,0,0,0,"sos","MC4",81,56,0,1,0.592945618762119,3
58,0,5,5,"sos_delayed","MC2",213,12,1,0,0.590521426221456,3
4,1,4,10,"sos","MC1",134,13,1,1,0.588284052630342,3
39,0,0,0,"sos","MC3",129,28,0,1,0.586553799962315,3
4,3,2,20,"sos","MC5",136,13,0,1,0.584023680238562,3
59,2,0,12,"sos_delayed","MC2",219,47,0,0,0.580558140709153,3
39,2,5,17,"sos","MC6",131,28,1,1,0.579186959296764,3
21,2,5,17,"basic","MC3",55,33,1,0,0.573222380562219,3
33,2,1,13,"sos","MC4",107,30,0,1,0.56899820998829,3
40,1,2,8,"sos","MC6",138,35,0,1,0.567584652775842,3
31,0,2,2,"sos","MC3",97,14,0,1,0.562169816296323,3
30,2,0,12,"sos","MC5",95,40,0,1,0.561576233559201,3
53,1,5,11,"sos_delayed","MC6",194,16,1,0,0.556285913589609,3
25,1,3,9,"basic","MC6",70,5,0,0,0.546954248918772,3
12,0,0,0,"basic","MC3",13,32,0,0,0.545585255917295,3
36,3,4,22,"sos","MC6",120,43,1,1,0.543766018414419,3
23,2,4,16,"basic","MC2",63,17,1,0,0.542913525341272,3
44,1,0,6,"sos","MC6",154,2,0,1,0.537016747830665,3
30,3,0,18,"sos","MC2",96,40,0,1,0.536721296659114,3
38,2,3,15,"sos","MC6",127,55,0,1,0.530241716370008,3
1,3,2,20,"basic","MC1",4,9,0,0,0.528272975704979,3
49,1,2,8,"sos_delayed","MC2",174,3,0,0,0.527801797355819,3
35,0,4,4,"sos","MC3",113,23,1,1,0.525805604446299,3
29,0,5,5,"sos","MC3",85,29,1,1,0.522200976204313,3
49,2,5,17,"sos_delayed","MC6",175,3,1,0,0.521580309565577,3
5,1,0,6,"sos_delayed","MC4",178,10,0,0,0.51879013193399,3
23,2,2,14,"basic","MC2",63,17,0,0,0.517267737802719,3
4,0,3,3,"sos","MC6",133,13,0,1,0.513818351870527,3
27,2,3,15,"basic","MC4",79,19,0,0,0.512818471913736,3
12,2,1,13,"basic","MC4",15,32,0,0,0.507756786534892,3
34,1,1,7,"sos","MC5",110,42,0,1,0.504557600415076,3
56,3,4,22,"sos_delayed","MC1",208,25,1,1,0.491213099514128,3
25,0,3,3,"basic","MC4",69,5,0,0,0.482998035911794,3
21,0,2,2,"basic","MC4",53,33,0,0,0.479332515873931,3
10,0,0,0,"basic","MC6",5,27,0,0,0.475976018144983,3
25,1,5,11,"basic","MC6",70,5,1,0,0.472746965673711,3
39,1,5,11,"sos","MC4",130,28,1,1,0.468464614658956,3
4,3,4,22,"sos","MC5",136,13,1,1,0.468348600888944,3
43,0,3,3,"sos","MC2",149,41,0,1,0.460048509901142,3
53,3,1,19,"sos_delayed","MC1",196,16,0,1,0.459640038181517,3
51,0,3,3,"sos_delayed","MC3",185,21,0,0,0.459331670171831,3
12,1,1,7,"basic","MC1",14,32,0,0,0.457454299365316,3
5,2,3,15,"sos_delayed","MC2",179,10,0,0,0.453631494376419,3
5,2,5,17,"sos_delayed","MC2",179,10,1,0,0.450302252658552,3
36,1,5,11,"sos","MC3",118,43,1,1,0.44797088882445,3
12,1,5,11,"basic","MC1",14,32,1,0,0.446139619947258,3
18,3,4,22,"basic","MC2",40,48,1,0,0.43834638654216,3
30,0,4,4,"sos","MC3",93,40,1,1,0.429852531290905,3
1,2,5,17,"basic","MC4",3,9,1,0,0.425095835742234,3
34,0,1,1,"sos","MC1",109,42,0,1,0.421998738941318,3
60,2,3,15,"sos_delayed","MC1",227,51,0,0,0.418501042360526,2
12,2,0,12,"basic","MC4",15,32,0,0,0.418189514816339,2
2,3,3,21,"basic","MC2",48,54,0,0,0.41246493463741,2
30,1,3,9,"sos","MC6",94,40,0,1,0.412218113470635,2
34,1,2,8,"sos","MC5",110,42,0,1,0.406934832927239,2
52,1,2,8,"sos_delayed","MC2",190,8,0,0,0.406375685740126,2
43,0,1,1,"sos","MC2",149,41,0,1,0.405686055878704,2
38,3,3,21,"sos","MC4",128,55,0,1,0.404537312822282,2
49,2,0,12,"sos_delayed","MC6",175,3,0,0,0.401589628471139,2
27,2,0,12,"basic","MC4",79,19,0,0,0.396313692662977,2
48,3,2,20,"sos_delayed","MC1",172,15,0,1,0.390706700011939,2
47,2,3,15,"sos_delayed","MC3",167,60,0,0,0.388211906360286,2
8,1,1,7,"sos_delayed","MC3",234,18,0,0,0.375466148518551,2
34,1,5,11,"sos","MC5",110,42,1,1,0.373842819464008,2
4,0,5,5,"sos","MC6",133,13,1,1,0.369167595160272,2
40,2,3,15,"sos","MC2",139,35,0,1,0.368288511605344,2
53,2,4,16,"sos_delayed","MC4",195,16,1,0,0.367124222728316,2
8,2,5,17,"sos_delayed","MC5",235,18,1,0,0.364597062226691,2
8,0,0,0,"sos_delayed","MC2",233,18,0,0,0.358966075469764,2
51,3,3,21,"sos_delayed","MC5",188,21,0,1,0.357595429020058,2
53,3,0,18,"sos_delayed","MC1",196,16,0,1,0.350923498324154,2
18,3,0,18,"basic","MC2",40,48,0,0,0.345231682969186,2
12,3,3,21,"basic","MC5",16,32,0,0,0.340795601528577,2
26,1,1,7,"basic","MC6",74,20,0,0,0.3398215361252,2
18,3,2,20,"basic","MC2",40,48,0,0,0.337153532579113,2
14,3,1,19,"basic","MC5",24,22,0,0,0.334782213754343,2
42,0,2,2,"sos","MC2",145,49,0,1,0.333921752718352,2
25,2,0,12,"basic","MC3",71,5,0,0,0.320467596183365,2
28,0,5,5,"sos","MC4",81,56,1,1,0.316574124566805,2
32,3,4,22,"sos","MC3",104,59,1,1,0.308636101364385,2
59,3,3,21,"sos_delayed","MC6",220,47,0,1,0.307511206156904,2
8,2,1,13,"sos_delayed","MC5",235,18,0,0,0.307115301946277,2
39,0,1,1,"sos","MC3",129,28,0,1,0.302978428167249,2
44,2,4,16,"sos","MC4",155,2,1,1,0.302847877085256,2
35,1,2,8,"sos","MC1",114,23,0,1,0.302601665306493,2
22,0,2,2,"basic","MC4",57,26,0,0,0.302562961173149,2
37,0,1,1,"sos","MC6",121,50,0,1,0.298415146254221,2
58,3,5,23,"sos_delayed","MC5",216,12,1,1,0.297659839917023,2
45,1,5,11,"sos","MC4",158,37,1,1,0.289079241397185,2
18,3,3,21,"basic","MC2",40,48,0,0,0.2889916427987,2
32,3,0,18,"sos","MC3",104,59,0,1,0.284553489337585,2
10,0,5,5,"basic","MC6",5,27,1,0,0.282492567710925,2
48,0,1,1,"sos_delayed","MC5",169,15,0,0,0.280040967690108,2
8,2,3,15,"sos_delayed","MC5",235,18,0,0,0.279983278473467,2
2,3,4,22,"basic","MC2",48,54,1,0,0.276764358899824,2
10,1,2,8,"basic","MC3",6,27,0,0,0.271339978978417,2
53,1,2,8,"sos_delayed","MC6",194,16,0,0,0.261472758339216,2
40,3,4,22,"sos","MC1",140,35,1,1,0.25852636613486,2
34,0,0,0,"sos","MC1",109,42,0,1,0.257602914498162,2
47,2,0,12,"sos_delayed","MC3",167,60,0,0,0.252784343760383,2
40,2,0,12,"sos","MC2",139,35,0,1,0.247669863904069,2
9,0,2,2,"sos_delayed","MC5",237,31,0,0,0.247485794031257,2
58,0,2,2,"sos_delayed","MC2",213,12,0,0,0.244115604957471,2
53,0,2,2,"sos_delayed","MC5",193,16,0,0,0.233198315856793,2
1,2,2,14,"basic","MC4",3,9,0,0,0.232744488486284,2
21,1,3,9,"basic","MC5",54,33,0,0,0.218449627156088,2
24,2,5,17,"basic","MC1",67,53,1,0,0.216329781177944,2
43,2,5,17,"sos","MC3",151,41,1,1,0.211497461886625,2
45,2,4,16,"sos","MC6",159,37,1,1,0.209906406607217,2
45,0,1,1,"sos","MC2",157,37,0,1,0.208257474073496,2
50,0,5,5,"sos_delayed","MC2",181,39,1,0,0.207373164361799,2
38,3,5,23,"sos","MC4",128,55,1,1,0.20640138759688,2
16,2,3,15,"basic","MC2",31,46,0,0,0.199900647162422,2
48,1,5,11,"sos_delayed","MC4",170,15,1,0,0.197964230129115,2
35,1,0,6,"sos","MC1",114,23,0,1,0.196749768062137,2
52,3,5,23,"sos_delayed","MC5",192,8,1,1,0.194688657703406,2
36,3,3,21,"sos","MC6",120,43,0,1,0.192498510633505,2
40,3,2,20,"sos","MC1",140,35,0,1,0.191784527496414,2
40,1,5,11,"sos","MC6",138,35,1,1,0.190664671032518,2
18,2,5,17,"basic","MC5",39,48,1,0,0.188594104034774,2
34,3,5,23,"sos","MC6",112,42,1,1,0.187186384203741,2
37,0,0,0,"sos","MC6",121,50,0,1,0.182652187760468,2
48,3,4,22,"sos_delayed","MC1",172,15,1,1,0.178792294211232,2
10,2,3,15,"basic","MC4",7,27,0,0,0.177600451115563,2
11,3,3,21,"basic","MC2",12,57,0,0,0.176628344577711,2
18,2,1,13,"basic","MC5",39,48,0,0,0.1765008374823,2
11,0,0,0,"basic","MC3",9,57,0,0,0.16731600349248,2
49,1,4,10,"sos_delayed","MC2",174,3,1,0,0.165641876686951,2
14,3,0,18,"basic","MC5",24,22,0,0,0.163841073932424,2
42,1,0,6,"sos","MC5",146,49,0,1,0.163686861583904,2
20,3,1,19,"basic","MC5",52,11,0,0,0.155580322131046,2
24,2,3,15,"basic","MC1",67,53,0,0,0.151279015174875,2
22,2,0,12,"basic","MC5",59,26,0,0,0.147445299571353,2
44,1,4,10,"sos","MC6",154,2,1,1,0.146820409204512,2
25,3,2,20,"basic","MC2",72,5,0,0,0.141273041337221,2
7,1,2,8,"sos_delayed","MC3",230,24,0,0,0.130147328351534,2
12,1,0,6,"basic","MC1",14,32,0,0,0.128532343378302,2
35,3,3,21,"sos","MC4",116,23,0,1,0.120538238872051,2
1,2,3,15,"basic","MC4",3,9,0,0,0.120407658488377,2
27,2,1,13,"basic","MC4",79,19,0,0,0.109811967360238,2
33,2,0,12,"sos","MC4",107,30,0,1,0.10745175922126,2
35,0,3,3,"sos","MC3",113,23,0,1,0.107126686769773,2
2,1,2,8,"basic","MC1",46,54,0,0,0.105989514863912,2
40,2,4,16,"sos","MC2",139,35,1,1,0.103461518460956,2
52,1,5,11,"sos_delayed","MC2",190,8,1,0,0.0992411605115694,2
11,0,2,2,"basic","MC3",9,57,0,0,0.0990657166520306,2
1,0,5,5,"basic","MC2",1,9,1,0,0.0965631229639771,2
5,1,2,8,"sos_delayed","MC4",178,10,0,0,0.0956585341267737,2
10,2,0,12,"basic","MC4",7,27,0,0,0.0939950055364,2
7,3,4,22,"sos_delayed","MC2",232,24,1,1,0.0906127478231968,2
23,2,5,17,"basic","MC2",63,17,1,0,0.0860807830439342,2
23,2,3,15,"basic","MC2",63,17,0,0,0.0858339998253142,2
14,3,2,20,"basic","MC5",24,22,0,0,0.0852225057188825,2
38,2,1,13,"sos","MC6",127,55,0,1,0.0834722069853883,2
57,2,3,15,"sos_delayed","MC1",211,38,0,0,0.0782904611524677,2
41,0,0,0,"sos","MC4",141,36,0,1,0.0773194226552028,2
32,2,2,14,"sos","MC2",103,59,0,1,0.072564651443531,2
28,0,3,3,"sos","MC4",81,56,0,1,0.058408294270085,2
25,2,1,13,"basic","MC3",71,5,0,0,0.0576057827166555,2
23,2,0,12,"basic","MC2",63,17,0,0,0.0519370219189047,2
53,1,1,7,"sos_delayed","MC6",194,16,0,0,0.0517221125616416,2
59,2,2,14,"sos_delayed","MC2",219,47,0,0,0.0497207548901677,2
41,0,3,3,"sos","MC4",141,36,0,1,0.0489721875151674,2
38,3,2,20,"sos","MC4",128,55,0,1,0.0488179296143535,2
42,0,1,1,"sos","MC2",145,49,0,1,0.0468166653900257,2
17,3,2,20,"basic","MC1",36,7,0,0,0.0389580760989623,2
35,0,2,2,"sos","MC3",113,23,0,1,0.0361864841741946,2
9,0,4,4,"sos_delayed","MC5",237,31,1,0,0.0351627408693518,2
35,1,3,9,"sos","MC1",114,23,0,1,0.0334753724747461,2
21,0,4,4,"basic","MC4",53,33,1,0,0.0271552922305526,2
35,0,5,5,"sos","MC3",113,23,1,1,0.0265556923023691,2
47,1,4,10,"sos_delayed","MC5",166,60,1,0,0.0205411924019259,2
12,3,2,20,"basic","MC5",16,32,0,0,0.0197743087770144,2
20,3,2,20,"basic","MC5",52,11,0,0,0.0178124071003913,2
1,0,2,2,"basic","MC2",1,9,0,0,0.016007927341116,2
44,3,4,22,"sos","MC3",156,2,1,1,0.0076789190226465,2
24,2,0,12,"basic","MC1",67,53,0,0,0.00348934183279939,2
50,1,4,10,"sos_delayed","MC1",182,39,1,0,0.00267845483535872,2
14,1,2,8,"basic","MC2",22,22,0,0,0.000251793734085487,2
21,0,5,5,"basic","MC4",53,33,1,0,-0.00421442364915126,2
7,1,1,7,"sos_delayed","MC3",230,24,0,0,-0.0050872278347287,2
30,3,4,22,"sos","MC2",96,40,1,1,-0.00561202277329631,2
6,2,4,16,"sos_delayed","MC4",223,6,1,0,-0.00947565220167546,2
53,0,0,0,"sos_delayed","MC5",193,16,0,0,-0.0135289638888088,2
18,2,3,15,"basic","MC5",39,48,0,0,-0.0142423617525052,2
56,3,0,18,"sos_delayed","MC1",208,25,0,1,-0.0253606544039272,2
22,2,5,17,"basic","MC5",59,26,1,0,-0.027531051456599,2
39,0,3,3,"sos","MC3",129,28,0,1,-0.0293524466415567,2
10,1,4,10,"basic","MC3",6,27,1,0,-0.0341071249814029,2
12,3,1,19,"basic","MC5",16,32,0,0,-0.0353538739632152,2
47,1,2,8,"sos_delayed","MC5",166,60,0,0,-0.049513903970635,2
15,0,2,2,"basic","MC5",25,52,0,0,-0.0623864348931737,2
47,2,2,14,"sos_delayed","MC3",167,60,0,0,-0.0641196363080072,2
17,0,0,0,"basic","MC3",33,7,0,0,-0.0679817433658456,2
9,3,3,21,"sos_delayed","MC1",240,31,0,1,-0.0702194881261454,2
6,0,0,0,"sos_delayed","MC1",221,6,0,0,-0.0711623380189474,2
18,3,5,23,"basic","MC2",40,48,1,0,-0.0723265490062612,2
10,0,1,1,"basic","MC6",5,27,0,0,-0.0760923372562836,2
20,0,4,4,"basic","MC2",49,11,1,0,-0.0795261023359552,2
16,0,1,1,"basic","MC4",29,46,0,0,-0.0821219227074927,2
49,1,1,7,"sos_delayed","MC2",174,3,0,0,-0.0835005040605816,2
59,1,1,7,"sos_delayed","MC4",218,47,0,0,-0.0891350616531277,2
34,0,2,2,"sos","MC1",109,42,0,1,-0.0930569402084169,2
32,1,5,11,"sos","MC5",102,59,1,1,-0.0941554857816955,2
34,3,1,19,"sos","MC6",112,42,0,1,-0.0961602148256989,2
22,0,3,3,"basic","MC4",57,26,0,0,-0.0982881632169345,2
51,2,0,12,"sos_delayed","MC2",187,21,0,0,-0.0999147241864129,2
30,2,5,17,"sos","MC5",95,40,1,1,-0.11931046209965,2
8,1,5,11,"sos_delayed","MC3",234,18,1,0,-0.122125663736252,2
17,0,4,4,"basic","MC3",33,7,1,0,-0.124865161801303,2
35,0,1,1,"sos","MC3",113,23,0,1,-0.131196385693128,2
34,2,0,12,"sos","MC3",111,42,0,1,-0.131353554810739,2
36,3,2,20,"sos","MC6",120,43,0,1,-0.136188736224461,2
53,3,5,23,"sos_delayed","MC1",196,16,1,1,-0.145799522349352,2
11,1,2,8,"basic","MC1",10,57,0,0,-0.147945072052335,2
32,1,0,6,"sos","MC5",102,59,0,1,-0.150694013069199,2
56,0,0,0,"sos_delayed","MC6",205,25,0,0,-0.161009089720814,2
10,1,0,6,"basic","MC3",6,27,0,0,-0.162061418670748,2
11,0,1,1,"basic","MC3",9,57,0,0,-0.163541611634375,2
34,0,3,3,"sos","MC1",109,42,0,1,-0.165138371433036,2
30,1,0,6,"sos","MC6",94,40,0,1,-0.166301095808562,2
52,0,5,5,"sos_delayed","MC1",189,8,1,0,-0.167667693365743,2
12,1,2,8,"basic","MC1",14,32,0,0,-0.172682839497759,2
53,1,3,9,"sos_delayed","MC6",194,16,0,0,-0.1760684953911,2
16,2,5,17,"basic","MC2",31,46,1,0,-0.177068494161991,2
58,2,2,14,"sos_delayed","MC3",215,12,0,0,-0.180204712073631,2
11,1,4,10,"basic","MC1",10,57,1,0,-0.18061773654085,2
49,2,4,16,"sos_delayed","MC6",175,3,1,0,-0.182475734115745,2
16,0,4,4,"basic","MC4",29,46,1,0,-0.184200004640398,2
8,0,5,5,"sos_delayed","MC2",233,18,1,0,-0.186552076080439,2
27,2,2,14,"basic","MC4",79,19,0,0,-0.224508797286625,2
39,1,4,10,"sos","MC4",130,28,1,1,-0.228877538767043,2
18,0,4,4,"basic","MC3",37,48,1,0,-0.235479386507502,2
36,3,0,18,"sos","MC6",120,43,0,1,-0.243386946028205,2
54,0,1,1,"sos_delayed","MC6",197,45,0,0,-0.244719813285318,2
2,1,4,10,"basic","MC1",46,54,1,0,-0.246581065085549,2
16,2,2,14,"basic","MC2",31,46,0,0,-0.247859728851202,2
38,3,4,22,"sos","MC4",128,55,1,1,-0.248495910094374,2
38,3,1,19,"sos","MC4",128,55,0,1,-0.248909897366044,2
9,2,4,16,"sos_delayed","MC4",239,31,1,0,-0.249349542216404,2
9,3,5,23,"sos_delayed","MC1",240,31,1,1,-0.255976340535687,2
34,0,5,5,"sos","MC1",109,42,1,1,-0.257861756488071,2
13,3,1,19,"basic","MC4",20,44,0,0,-0.266975077979257,2
45,3,3,21,"sos","MC1",160,37,0,1,-0.274893812765312,2
8,1,3,9,"sos_delayed","MC3",234,18,0,0,-0.28524912193388,2
43,3,3,21,"sos","MC5",152,41,0,1,-0.288926856638953,2
7,1,5,11,"sos_delayed","MC3",230,24,1,0,-0.29225579324431,2
41,3,1,19,"sos","MC5",144,36,0,1,-0.296619630665503,2
41,2,3,15,"sos","MC3",143,36,0,1,-0.299594157878739,2
33,2,3,15,"sos","MC4",107,30,0,1,-0.30451522862312,2
43,3,0,18,"sos","MC5",152,41,0,1,-0.314626379181478,2
20,3,4,22,"basic","MC5",52,11,1,0,-0.33981695453197,2
6,0,5,5,"sos_delayed","MC1",221,6,1,0,-0.339940892872319,2
25,0,4,4,"basic","MC4",69,5,1,0,-0.347709297682207,2
51,3,1,19,"sos_delayed","MC5",188,21,0,1,-0.348249415308265,2
8,1,0,6,"sos_delayed","MC3",234,18,0,0,-0.355451182352629,2
29,2,0,12,"sos","MC1",87,29,0,1,-0.356490189487107,2
41,1,4,10,"sos","MC1",142,36,1,1,-0.360767278876778,2
53,2,0,12,"sos_delayed","MC4",195,16,0,0,-0.361192055694089,2
27,1,2,8,"basic","MC1",78,19,0,0,-0.362091231841544,2
56,0,5,5,"sos_delayed","MC6",205,25,1,0,-0.365274729757501,2
52,0,4,4,"sos_delayed","MC1",189,8,1,0,-0.371167943081781,2
57,1,1,7,"sos_delayed","MC4",210,38,0,0,-0.38203322050177,2
21,0,1,1,"basic","MC4",53,33,0,0,-0.385349704992457,2
13,0,4,4,"basic","MC5",17,44,1,0,-0.38720866339369,2
13,1,3,9,"basic","MC3",18,44,0,0,-0.391436017076926,2
48,0,2,2,"sos_delayed","MC5",169,15,0,0,-0.392263605640456,2
56,3,2,20,"sos_delayed","MC1",208,25,0,1,-0.394024651138274,2
41,3,3,21,"sos","MC5",144,36,0,1,-0.395894732160838,2
58,3,4,22,"sos_delayed","MC5",216,12,1,1,-0.396852215069833,2
20,2,4,16,"basic","MC1",51,11,1,0,-0.399557733579828,2
14,1,1,7,"basic","MC2",22,22,0,0,-0.410498718161183,2
20,3,3,21,"basic","MC5",52,11,0,0,-0.411043816467487,2
41,3,0,18,"sos","MC5",144,36,0,1,-0.41161796781127,2
13,1,2,8,"basic","MC3",18,44,0,0,-0.412997874682263,2
48,3,5,23,"sos_delayed","MC1",172,15,1,1,-0.415053399029686,2
49,2,2,14,"sos_delayed","MC6",175,3,0,0,-0.419484584269085,2
43,0,2,2,"sos","MC2",149,41,0,1,-0.420706206112718,2
24,2,2,14,"basic","MC1",67,53,0,0,-0.422721161751369,2
48,3,1,19,"sos_delayed","MC1",172,15,0,1,-0.430665505275731,2
14,1,3,9,"basic","MC2",22,22,0,0,-0.435650857276647,2
13,1,4,10,"basic","MC3",18,44,1,0,-0.437040039396739,2
17,3,3,21,"basic","MC1",36,7,0,0,-0.444048697333411,2
40,1,0,6,"sos","MC6",138,35,0,1,-0.446549197788996,2
52,1,0,6,"sos_delayed","MC2",190,8,0,0,-0.456033121802685,2
31,0,0,0,"sos","MC3",97,14,0,1,-0.461088569224226,2
35,3,0,18,"sos","MC4",116,23,0,1,-0.465581458108247,2
41,2,2,14,"sos","MC3",143,36,0,1,-0.46672705321114,2
37,2,4,16,"sos","MC2",123,50,1,1,-0.469780049012559,2
29,2,4,16,"sos","MC1",87,29,1,1,-0.471409136166561,2
1,0,4,4,"basic","MC2",1,9,1,0,-0.473590089957461,1
51,0,5,5,"sos_delayed","MC3",185,21,1,0,-0.477598641538105,1
25,2,2,14,"basic","MC3",71,5,0,0,-0.484951293998891,1
52,2,1,13,"sos_delayed","MC6",191,8,0,0,-0.489958627076972,1
48,1,4,10,"sos_delayed","MC4",170,15,1,0,-0.493132374222394,1
2,3,5,23,"basic","MC2",48,54,1,0,-0.50038723875494,1
32,2,4,16,"sos","MC2",103,59,1,1,-0.506336325311818,1
18,1,5,11,"basic","MC6",38,48,1,0,-0.508835512156544,1
14,0,2,2,"basic","MC3",21,22,0,0,-0.51044694231974,1
32,1,2,8,"sos","MC5",102,59,0,1,-0.51296681945856,1
9,0,1,1,"sos_delayed","MC5",237,31,0,0,-0.51720842233824,1
17,0,3,3,"basic","MC3",33,7,0,0,-0.518314929021557,1
29,2,5,17,"sos","MC1",87,29,1,1,-0.519133872255292,1
16,3,4,22,"basic","MC5",32,46,1,0,-0.523153419787718,1
24,3,5,23,"basic","MC5",68,53,1,0,-0.526355426466412,1
41,1,0,6,"sos","MC1",142,36,0,1,-0.527055771872475,1
2,1,0,6,"basic","MC1",46,54,0,0,-0.5362959923366,1
25,3,4,22,"basic","MC2",72,5,1,0,-0.537940070291232,1
45,3,1,19,"sos","MC1",160,37,0,1,-0.538086171451141,1
40,0,2,2,"sos","MC4",137,35,0,1,-0.55061381594363,1
21,1,2,8,"basic","MC5",54,33,0,0,-0.551503329400585,1
15,0,5,5,"basic","MC5",25,52,1,0,-0.559709686297724,1
13,0,0,0,"basic","MC5",17,44,0,0,-0.562260944393148,1
29,2,3,15,"sos","MC1",87,29,0,1,-0.565302590147972,1
18,1,2,8,"basic","MC6",38,48,0,0,-0.566303654055688,1
32,2,0,12,"sos","MC2",103,59,0,1,-0.567402429905603,1
54,3,1,19,"sos_delayed","MC2",200,45,0,1,-0.574148931644205,1
56,1,3,9,"sos_delayed","MC2",206,25,0,0,-0.578697320986443,1
7,1,3,9,"sos_delayed","MC3",230,24,0,0,-0.584505213761712,1
50,0,1,1,"sos_delayed","MC2",181,39,0,0,-0.586043818015015,1
51,2,5,17,"sos_delayed","MC2",187,21,1,0,-0.589104929650174,1
14,0,0,0,"basic","MC3",21,22,0,0,-0.589511627689594,1
37,2,3,15,"sos","MC2",123,50,0,1,-0.590627642206226,1
30,2,1,13,"sos","MC5",95,40,0,1,-0.591567119223592,1
56,1,4,10,"sos_delayed","MC2",206,25,1,0,-0.595390398964931,1
25,1,4,10,"basic","MC6",70,5,1,0,-0.598284112670478,1
38,1,5,11,"sos","MC1",126,55,1,1,-0.601721562110113,1
35,1,1,7,"sos","MC1",114,23,0,1,-0.60847885278012,1
10,3,4,22,"basic","MC1",8,27,1,0,-0.628171492503933,1
32,1,4,10,"sos","MC5",102,59,1,1,-0.638311872601538,1
6,1,3,9,"sos_delayed","MC2",222,6,0,0,-0.670206167002457,1
25,1,2,8,"basic","MC6",70,5,0,0,-0.675292368435093,1
14,0,4,4,"basic","MC3",21,22,1,0,-0.685391458658118,1
53,1,0,6,"sos_delayed","MC6",194,16,0,0,-0.694510640091231,1
12,2,4,16,"basic","MC4",15,32,1,0,-0.700451553482812,1
21,0,0,0,"basic","MC4",53,33,0,0,-0.709206049415111,1
11,2,0,12,"basic","MC5",11,57,0,0,-0.710475170194468,1
4,3,3,21,"sos","MC5",136,13,0,1,-0.710524361547508,1
45,1,0,6,"sos","MC4",158,37,0,1,-0.710901026922181,1
11,1,0,6,"basic","MC1",10,57,0,0,-0.711294753289951,1
47,1,1,7,"sos_delayed","MC5",166,60,0,0,-0.713996517161874,1
49,1,5,11,"sos_delayed","MC2",174,3,1,0,-0.718944009799551,1
11,3,2,20,"basic","MC2",12,57,0,0,-0.718964370150627,1
10,1,3,9,"basic","MC3",6,27,0,0,-0.719291525872208,1
57,2,0,12,"sos_delayed","MC1",211,38,0,0,-0.71970301271157,1
59,0,4,4,"sos_delayed","MC3",217,47,1,0,-0.725822461295893,1
33,2,2,14,"sos","MC4",107,30,0,1,-0.725853112100628,1
60,2,2,14,"sos_delayed","MC1",227,51,0,0,-0.739240275876268,1
17,3,0,18,"basic","MC1",36,7,0,0,-0.744127905187034,1
40,0,1,1,"sos","MC4",137,35,0,1,-0.754498268010317,1
59,0,0,0,"sos_delayed","MC3",217,47,0,0,-0.763963706854384,1
13,3,5,23,"basic","MC4",20,44,1,0,-0.764624853635848,1
24,3,4,22,"basic","MC5",68,53,1,0,-0.771073050147402,1
32,2,1,13,"sos","MC2",103,59,0,1,-0.772049594120009,1
13,3,3,21,"basic","MC4",20,44,0,0,-0.780562945686702,1
18,1,3,9,"basic","MC6",38,48,0,0,-0.785950511029394,1
52,1,1,7,"sos_delayed","MC2",190,8,0,0,-0.787443531359895,1
59,3,0,18,"sos_delayed","MC6",220,47,0,1,-0.794187847614145,1
57,1,4,10,"sos_delayed","MC4",210,38,1,0,-0.801950212893029,1
45,1,2,8,"sos","MC4",158,37,0,1,-0.803759486904263,1
17,3,5,23,"basic","MC1",36,7,1,0,-0.80755331252258,1
2,2,1,13,"basic","MC5",47,54,0,0,-0.808120718562237,1
52,3,4,22,"sos_delayed","MC5",192,8,1,1,-0.80977962966002,1
6,2,0,12,"sos_delayed","MC4",223,6,0,0,-0.816678392320379,1
12,2,5,17,"basic","MC4",15,32,1,0,-0.816951036991697,1
57,2,2,14,"sos_delayed","MC1",211,38,0,0,-0.825834218156442,1
58,2,5,17,"sos_delayed","MC3",215,12,1,0,-0.825909918901659,1
14,3,5,23,"basic","MC5",24,22,1,0,-0.83848448397243,1
56,0,2,2,"sos_delayed","MC6",205,25,0,0,-0.844780248986314,1
48,3,0,18,"sos_delayed","MC1",172,15,0,1,-0.847688358337747,1
50,1,5,11,"sos_delayed","MC1",182,39,1,0,-0.87116155676532,1
60,1,2,8,"sos_delayed","MC2",226,51,0,0,-0.876687484080895,1
54,3,0,18,"sos_delayed","MC2",200,45,0,1,-0.883096802942605,1
51,3,0,18,"sos_delayed","MC5",188,21,0,1,-0.898419733412994,1
11,2,3,15,"basic","MC5",11,57,0,0,-0.90057983184398,1
22,2,1,13,"basic","MC5",59,26,0,0,-0.900941899787088,1
56,1,2,8,"sos_delayed","MC2",206,25,0,0,-0.903643918526935,1
35,2,5,17,"sos","MC2",115,23,1,1,-0.904454963861131,1
12,0,1,1,"basic","MC3",13,32,0,0,-0.909105223658417,1
52,0,3,3,"sos_delayed","MC1",189,8,0,0,-0.909457928390486,1
40,2,1,13,"sos","MC2",139,35,0,1,-0.914002722169939,1
41,1,1,7,"sos","MC1",142,36,0,1,-0.920844317107445,1
4,3,0,18,"sos","MC5",136,13,0,1,-0.925744111955258,1
32,1,3,9,"sos","MC5",102,59,0,1,-0.927201801505769,1
9,1,1,7,"sos_delayed","MC3",238,31,0,0,-0.939059454626812,1
47,3,4,22,"sos_delayed","MC4",168,60,1,1,-0.941520184451681,1
52,1,4,10,"sos_delayed","MC2",190,8,1,0,-0.94390044271801,1
14,1,5,11,"basic","MC2",22,22,1,0,-0.962058519600685,1
20,0,1,1,"basic","MC2",49,11,0,0,-0.9655546494574,1
51,3,5,23,"sos_delayed","MC5",188,21,1,1,-0.968676770757847,1
54,0,3,3,"sos_delayed","MC6",197,45,0,0,-0.970524482914132,1
14,3,3,21,"basic","MC5",24,22,0,0,-0.972026194033294,1
59,1,3,9,"sos_delayed","MC4",218,47,0,0,-0.974511235222259,1
40,0,5,5,"sos","MC4",137,35,1,1,-0.975848092357369,1
35,3,1,19,"sos","MC4",116,23,0,1,-0.992110690746081,1
47,1,5,11,"sos_delayed","MC5",166,60,1,0,-0.997556159943809,1
59,2,5,17,"sos_delayed","MC2",219,47,1,0,-1.00320921157743,1
54,0,2,2,"sos_delayed","MC6",197,45,0,0,-1.01137109450156,1
59,1,5,11,"sos_delayed","MC4",218,47,1,0,-1.01793711620355,1
14,3,4,22,"basic","MC5",24,22,1,0,-1.01838464485563,1
50,0,3,3,"sos_delayed","MC2",181,39,0,0,-1.0227324036845,1
40,2,5,17,"sos","MC2",139,35,1,1,-1.02458474873096,1
16,1,2,8,"basic","MC6",30,46,0,0,-1.0293871097696,1
11,0,4,4,"basic","MC3",9,57,1,0,-1.05985720428321,1
45,2,5,17,"sos","MC6",159,37,1,1,-1.06012957753532,1
57,0,1,1,"sos_delayed","MC3",209,38,0,0,-1.06117502745493,1
14,1,0,6,"basic","MC2",22,22,0,0,-1.06290489519914,1
56,3,1,19,"sos_delayed","MC1",208,25,0,1,-1.06976838284705,1
13,0,2,2,"basic","MC5",17,44,0,0,-1.07715367419551,1
15,2,4,16,"basic","MC1",27,52,1,0,-1.08100834694242,1
60,3,5,23,"sos_delayed","MC5",228,51,1,1,-1.08322301602486,1
10,2,4,16,"basic","MC4",7,27,1,0,-1.09437247639336,1
52,1,3,9,"sos_delayed","MC2",190,8,0,0,-1.09831647328348,1
60,1,4,10,"sos_delayed","MC2",226,51,1,0,-1.10719677621116,1
9,1,5,11,"sos_delayed","MC3",238,31,1,0,-1.10928603807914,1
15,1,1,7,"basic","MC6",26,52,0,0,-1.11081241493061,1
9,3,4,22,"sos_delayed","MC1",240,31,1,1,-1.11895559086933,1
57,1,3,9,"sos_delayed","MC4",210,38,0,0,-1.12265691376129,1
10,1,5,11,"basic","MC3",6,27,1,0,-1.12284158108591,1
56,2,2,14,"sos_delayed","MC3",207,25,0,0,-1.13250861656071,1
59,0,1,1,"sos_delayed","MC3",217,47,0,0,-1.13648166980221,1
57,0,2,2,"sos_delayed","MC3",209,38,0,0,-1.1390098339189,1
21,1,4,10,"basic","MC5",54,33,1,0,-1.14370931561637,1
41,1,3,9,"sos","MC1",142,36,0,1,-1.14654537185552,1
21,3,3,21,"basic","MC2",56,33,0,0,-1.15124825114343,1
30,1,1,7,"sos","MC6",94,40,0,1,-1.15699671742168,1
38,3,0,18,"sos","MC4",128,55,0,1,-1.15840635353424,1
43,3,1,19,"sos","MC5",152,41,0,1,-1.16614376315428,1
5,1,4,10,"sos_delayed","MC4",178,10,1,0,-1.16639737240807,1
59,0,5,5,"sos_delayed","MC3",217,47,1,0,-1.17016367779331,1
13,1,1,7,"basic","MC3",18,44,0,0,-1.17355064627088,1
51,2,3,15,"sos_delayed","MC2",187,21,0,0,-1.17422385437498,1
41,2,4,16,"sos","MC3",143,36,1,1,-1.18359607818586,1
22,0,5,5,"basic","MC4",57,26,1,0,-1.19016932748972,1
15,1,3,9,"basic","MC6",26,52,0,0,-1.19569784292754,1
48,0,4,4,"sos_delayed","MC5",169,15,1,0,-1.19662160194853,1
11,2,1,13,"basic","MC5",11,57,0,0,-1.19740733108409,1
9,0,0,0,"sos_delayed","MC5",237,31,0,0,-1.19863454893558,1
22,0,4,4,"basic","MC4",57,26,1,0,-1.19918771303126,1
20,0,5,5,"basic","MC2",49,11,1,0,-1.2004709553379,1
18,2,2,14,"basic","MC5",39,48,0,0,-1.20109841241854,1
16,0,0,0,"basic","MC4",29,46,0,0,-1.20187091349501,1
22,3,4,22,"basic","MC6",60,26,1,0,-1.22102315906442,1
12,0,3,3,"basic","MC3",13,32,0,0,-1.22945251603314,1
13,0,5,5,"basic","MC5",17,44,1,0,-1.23547089968175,1
9,1,0,6,"sos_delayed","MC3",238,31,0,0,-1.24395797297219,1
60,1,0,6,"sos_delayed","MC2",226,51,0,0,-1.24409728792215,1
57,0,0,0,"sos_delayed","MC3",209,38,0,0,-1.24519615833402,1
15,0,1,1,"basic","MC5",25,52,0,0,-1.24528780914674,1
21,3,2,20,"basic","MC2",56,33,0,0,-1.25204549124779,1
33,2,5,17,"sos","MC4",107,30,1,1,-1.26820552591972,1
22,2,3,15,"basic","MC5",59,26,0,0,-1.2775536076486,1
9,2,3,15,"sos_delayed","MC4",239,31,0,0,-1.30044100650817,1
32,0,4,4,"sos","MC6",101,59,1,1,-1.30683749654989,1
58,2,0,12,"sos_delayed","MC3",215,12,0,0,-1.31498713887117,1
60,1,5,11,"sos_delayed","MC2",226,51,1,0,-1.32233023781489,1
59,1,0,6,"sos_delayed","MC4",218,47,0,0,-1.32705727381395,1
32,2,3,15,"sos","MC2",103,59,0,1,-1.3293450650173,1
25,3,3,21,"basic","MC2",72,5,0,0,-1.33009576036819,1
41,3,4,22,"sos","MC5",144,36,1,1,-1.33539093235919,1
9,1,2,8,"sos_delayed","MC3",238,31,0,0,-1.34106457084821,1
59,3,4,22,"sos_delayed","MC6",220,47,1,1,-1.34200196638857,1
2,2,2,14,"basic","MC5",47,54,0,0,-1.34381000855003,1
25,3,1,19,"basic","MC2",72,5,0,0,-1.35008109370896,1
51,3,2,20,"sos_delayed","MC5",188,21,0,1,-1.36649649938159,1
32,1,1,7,"sos","MC5",102,59,0,1,-1.37169294864995,1
11,3,1,19,"basic","MC2",12,57,0,0,-1.37446590307559,1
24,3,0,18,"basic","MC5",68,53,0,0,-1.37684905294523,1
27,2,5,17,"basic","MC4",79,19,1,0,-1.37990095285369,1
14,0,1,1,"basic","MC3",21,22,0,0,-1.38391458048546,1
54,2,0,12,"sos_delayed","MC1",199,45,0,0,-1.38560584360199,1
11,3,5,23,"basic","MC2",12,57,1,0,-1.38728754586763,1
24,0,4,4,"basic","MC4",65,53,1,0,-1.39159924072973,1
24,3,2,20,"basic","MC5",68,53,0,0,-1.39269215246113,1
54,3,5,23,"sos_delayed","MC2",200,45,1,1,-1.39646559802865,1
53,0,1,1,"sos_delayed","MC5",193,16,0,0,-1.39775695892656,1
54,0,5,5,"sos_delayed","MC6",197,45,1,0,-1.40199970486834,1
35,3,5,23,"sos","MC4",116,23,1,1,-1.4070415244472,1
13,3,0,18,"basic","MC4",20,44,0,0,-1.41082047504111,1
56,3,5,23,"sos_delayed","MC1",208,25,1,1,-1.42116261765404,1
54,3,3,21,"sos_delayed","MC2",200,45,0,1,-1.42580331998554,1
45,2,1,13,"sos","MC6",159,37,0,1,-1.42773362368717,1
6,1,0,6,"sos_delayed","MC2",222,6,0,0,-1.43254194850952,1
18,1,4,10,"basic","MC6",38,48,1,0,-1.44627409962901,1
59,3,2,20,"sos_delayed","MC6",220,47,0,1,-1.448753460107,1
2,0,4,4,"basic","MC6",45,54,1,0,-1.44989595613376,1
41,3,5,23,"sos","MC5",144,36,1,1,-1.45413424061623,1
16,1,1,7,"basic","MC6",30,46,0,0,-1.46033236383559,1
56,1,1,7,"sos_delayed","MC2",206,25,0,0,-1.46124213749391,1
11,2,4,16,"basic","MC5",11,57,1,0,-1.46469797902983,1
25,0,2,2,"basic","MC4",69,5,0,0,-1.47493337929435,1
14,2,0,12,"basic","MC1",23,22,0,0,-1.47606730896253,1
30,1,2,8,"sos","MC6",94,40,0,1,-1.47889593979316,1
25,2,3,15,"basic","MC3",71,5,0,0,-1.4826350067,1
51,2,2,14,"sos_delayed","MC2",187,21,0,0,-1.48805931994435,1
45,1,1,7,"sos","MC4",158,37,0,1,-1.4894843082071,1
12,0,5,5,"basic","MC3",13,32,1,0,-1.49007608562704,1
48,3,3,21,"sos_delayed","MC1",172,15,0,1,-1.49159585961582,1
2,1,5,11,"basic","MC1",46,54,1,0,-1.49609005669401,1
57,1,5,11,"sos_delayed","MC4",210,38,1,0,-1.49953007714547,1
41,0,4,4,"sos","MC4",141,36,1,1,-1.50339890207628,1
59,0,2,2,"sos_delayed","MC3",217,47,0,0,-1.50957128027616,1
29,2,1,13,"sos","MC1",87,29,0,1,-1.51144095413553,1
37,0,2,2,"sos","MC6",121,50,0,1,-1.51575131567859,1
10,2,2,14,"basic","MC4",7,27,0,0,-1.51836741044766,1
57,0,4,4,"sos_delayed","MC3",209,38,1,0,-1.52747339254737,1
51,2,1,13,"sos_delayed","MC2",187,21,0,0,-1.53413873171771,1
56,1,0,6,"sos_delayed","MC2",206,25,0,0,-1.54146113936483,1
45,3,5,23,"sos","MC1",160,37,1,1,-1.54690080837161,1
53,0,5,5,"sos_delayed","MC5",193,16,1,0,-1.55041128104702,1
7,0,1,1,"sos_delayed","MC4",229,24,0,0,-1.55377300142076,1
54,1,1,7,"sos_delayed","MC3",198,45,0,0,-1.55385204057376,1
20,3,5,23,"basic","MC5",52,11,1,0,-1.55693910108468,1
54,2,5,17,"sos_delayed","MC1",199,45,1,0,-1.56405076223952,1
32,2,5,17,"sos","MC2",103,59,1,1,-1.56617370963079,1
9,3,0,18,"sos_delayed","MC1",240,31,0,1,-1.57622180654877,1
16,1,0,6,"basic","MC6",30,46,0,0,-1.57795375864997,1
13,0,1,1,"basic","MC5",17,44,0,0,-1.58119348566511,1
25,2,4,16,"basic","MC3",71,5,1,0,-1.58803411368458,1
13,0,3,3,"basic","MC5",17,44,0,0,-1.60136820631112,1
25,0,0,0,"basic","MC4",69,5,0,0,-1.60812232978707,1
58,2,3,15,"sos_delayed","MC3",215,12,0,0,-1.61405176575038,1
52,0,2,2,"sos_delayed","MC1",189,8,0,0,-1.62130281228647,1
59,2,1,13,"sos_delayed","MC2",219,47,0,0,-1.63810780874978,1
35,1,4,10,"sos","MC1",114,23,1,1,-1.64315536699514,1
54,3,2,20,"sos_delayed","MC2",200,45,0,1,-1.66041283546057,1
25,0,1,1,"basic","MC4",69,5,0,0,-1.66817633811104,1
45,2,2,14,"sos","MC6",159,37,0,1,-1.69266600487355,1
14,1,4,10,"basic","MC2",22,22,1,0,-1.69381883312225,1
41,0,5,5,"sos","MC4",141,36,1,1,-1.73495532771703,1
22,3,5,23,"basic","MC6",60,26,1,0,-1.74152509894988,0
12,0,4,4,"basic","MC3",13,32,1,0,-1.75153531570007,0
10,2,5,17,"basic","MC4",7,27,1,0,-1.75504083638533,0
9,0,5,5,"sos_delayed","MC5",237,31,1,0,-1.7607493284728,0
57,0,5,5,"sos_delayed","MC3",209,38,1,0,-1.77067912492023,0
24,3,1,19,"basic","MC5",68,53,0,0,-1.77597158625238,0
37,0,3,3,"sos","MC6",121,50,0,1,-1.78185791962025,0
10,2,1,13,"basic","MC4",7,27,0,0,-1.7897104540803,0
13,1,5,11,"basic","MC3",18,44,1,0,-1.80214982652997,0
45,2,0,12,"sos","MC6",159,37,0,1,-1.80235252552013,0
22,3,0,18,"basic","MC6",60,26,0,0,-1.80243363879573,0
52,0,1,1,"sos_delayed","MC1",189,8,0,0,-1.82047325853427,0
37,0,5,5,"sos","MC6",121,50,1,1,-1.82647868658421,0
19,0,3,3,"basic","MC1",41,1,0,0,-1.82925415092881,0
59,0,3,3,"sos_delayed","MC3",217,47,0,0,-1.83058972048176,0
60,1,3,9,"sos_delayed","MC2",226,51,0,0,-1.84169986816685,0
54,1,4,10,"sos_delayed","MC3",198,45,1,0,-1.86163875908386,0
52,2,0,12,"sos_delayed","MC6",191,8,0,0,-1.86933181734717,0
14,2,2,14,"basic","MC1",23,22,0,0,-1.87655316748264,0
14,2,3,15,"basic","MC1",23,22,0,0,-1.88484377884642,0
21,0,3,3,"basic","MC4",53,33,0,0,-1.8858454605883,0
24,2,1,13,"basic","MC1",67,53,0,0,-1.88679423134309,0
21,3,4,22,"basic","MC2",56,33,1,0,-1.89574457383138,0
22,1,4,10,"basic","MC3",58,26,1,0,-1.89776221537171,0
15,0,0,0,"basic","MC5",25,52,0,0,-1.90838331905179,0
11,1,5,11,"basic","MC1",10,57,1,0,-1.9093567521009,0
45,1,3,9,"sos","MC4",158,37,0,1,-1.90979086916101,0
22,1,1,7,"basic","MC3",58,26,0,0,-1.91344448826294,0
9,3,2,20,"sos_delayed","MC1",240,31,0,1,-1.92271211276791,0
18,2,0,12,"basic","MC5",39,48,0,0,-1.92866550399674,0
41,2,0,12,"sos","MC3",143,36,0,1,-1.93405139537042,0
22,1,2,8,"basic","MC3",58,26,0,0,-1.94517454239585,0
45,3,4,22,"sos","MC1",160,37,1,1,-1.95359273784489,0
22,0,0,0,"basic","MC4",57,26,0,0,-1.95403860352639,0
7,1,4,10,"sos_delayed","MC3",230,24,1,0,-1.95558297064132,0
54,3,4,22,"sos_delayed","MC2",200,45,1,1,-1.9566460641415,0
35,2,2,14,"sos","MC2",115,23,0,1,-1.986026791016,0
32,0,5,5,"sos","MC6",101,59,1,1,-1.98887538295148,0
15,1,0,6,"basic","MC6",26,52,0,0,-1.9891901999175,0
56,2,1,13,"sos_delayed","MC3",207,25,0,0,-1.99187255317956,0
56,2,0,12,"sos_delayed","MC3",207,25,0,0,-2.00399906406173,0
41,1,2,8,"sos","MC1",142,36,0,1,-2.01356995888392,0
33,2,4,16,"sos","MC4",107,30,1,1,-2.01960758156546,0
54,1,0,6,"sos_delayed","MC3",198,45,0,0,-2.02760860876399,0
19,0,1,1,"basic","MC1",41,1,0,0,-2.02839866161493,0
45,3,2,20,"sos","MC1",160,37,0,1,-2.04317246135463,0
24,2,4,16,"basic","MC1",67,53,1,0,-2.04380949139573,0
45,0,2,2,"sos","MC2",157,37,0,1,-2.05323061983495,0
35,2,4,16,"sos","MC2",115,23,1,1,-2.05441134185042,0
16,1,3,9,"basic","MC6",30,46,0,0,-2.06710426094079,0
15,3,3,21,"basic","MC3",28,52,0,0,-2.07708269392562,0
52,0,0,0,"sos_delayed","MC1",189,8,0,0,-2.0778331219021,0
13,1,0,6,"basic","MC3",18,44,0,0,-2.09957312032986,0
18,2,4,16,"basic","MC5",39,48,1,0,-2.10652754150178,0
59,1,2,8,"sos_delayed","MC4",218,47,0,0,-2.11473174677583,0
45,0,4,4,"sos","MC2",157,37,1,1,-2.11865889718209,0
58,2,4,16,"sos_delayed","MC3",215,12,1,0,-2.13409922105624,0
6,1,5,11,"sos_delayed","MC2",222,6,1,0,-2.14383570039391,0
35,1,5,11,"sos","MC1",114,23,1,1,-2.1454108458541,0
2,2,4,16,"basic","MC5",47,54,1,0,-2.1554425562873,0
54,2,4,16,"sos_delayed","MC1",199,45,1,0,-2.1586303400811,0
41,3,2,20,"sos","MC5",144,36,0,1,-2.19667536067874,0
4,3,5,23,"sos","MC5",136,13,1,1,-2.1973150378638,0
45,0,0,0,"sos","MC2",157,37,0,1,-2.20302731863587,0
14,0,5,5,"basic","MC3",21,22,1,0,-2.20463095841026,0
22,1,5,11,"basic","MC3",58,26,1,0,-2.20641078639472,0
4,3,1,19,"sos","MC5",136,13,0,1,-2.24058943297506,0
36,3,5,23,"sos","MC6",120,43,1,1,-2.2423262117835,0
60,1,1,7,"sos_delayed","MC2",226,51,0,0,-2.25032049092722,0
54,0,0,0,"sos_delayed","MC6",197,45,0,0,-2.27544811596544,0
35,2,0,12,"sos","MC2",115,23,0,1,-2.28495318381973,0
56,0,3,3,"sos_delayed","MC6",205,25,0,0,-2.30440515093618,0
15,1,2,8,"basic","MC6",26,52,0,0,-2.31142560232836,0
54,0,4,4,"sos_delayed","MC6",197,45,1,0,-2.31469765865608,0
53,1,4,10,"sos_delayed","MC6",194,16,1,0,-2.31757113645406,0
52,2,5,17,"sos_delayed","MC6",191,8,1,0,-2.32099132998136,0
22,0,1,1,"basic","MC4",57,26,0,0,-2.33229538990064,0
24,0,0,0,"basic","MC4",65,53,0,0,-2.33417830388932,0
27,3,3,21,"basic","MC5",80,19,0,0,-2.35169605246025,0
22,1,0,6,"basic","MC3",58,26,0,0,-2.36227265027422,0
45,0,5,5,"sos","MC2",157,37,1,1,-2.37775935345082,0
59,3,5,23,"sos_delayed","MC6",220,47,1,1,-2.37974450028344,0
54,2,1,13,"sos_delayed","MC1",199,45,0,0,-2.38979398397354,0
19,0,2,2,"basic","MC1",41,1,0,0,-2.39471043864434,0
22,3,2,20,"basic","MC6",60,26,0,0,-2.39809349316094,0
35,2,3,15,"sos","MC2",115,23,0,1,-2.40066951830522,0
21,3,1,19,"basic","MC2",56,33,0,0,-2.4172397141923,0
48,2,1,13,"sos_delayed","MC3",171,15,0,0,-2.41829152714749,0
16,1,5,11,"basic","MC6",30,46,1,0,-2.43076065839478,0
21,1,1,7,"basic","MC5",54,33,0,0,-2.44783817602277,0
57,0,3,3,"sos_delayed","MC3",209,38,0,0,-2.47399738047754,0
52,2,2,14,"sos_delayed","MC6",191,8,0,0,-2.47623259340796,0
7,1,0,6,"sos_delayed","MC3",230,24,0,0,-2.47711920151022,0
59,3,1,19,"sos_delayed","MC6",220,47,0,1,-2.49078543659761,0
53,0,4,4,"sos_delayed","MC5",193,16,1,0,-2.49549928498406,0
14,0,3,3,"basic","MC3",21,22,0,0,-2.50444853108985,0
47,1,3,9,"sos_delayed","MC5",166,60,0,0,-2.5053285684877,0
11,1,3,9,"basic","MC1",10,57,0,0,-2.517131772677,0
15,1,5,11,"basic","MC6",26,52,1,0,-2.53740736140045,0
57,1,0,6,"sos_delayed","MC4",210,38,0,0,-2.54897406275064,0
9,1,4,10,"sos_delayed","MC3",238,31,1,0,-2.55948291460416,0
15,3,4,22,"basic","MC3",28,52,1,0,-2.56256370095268,0
17,3,4,22,"basic","MC1",36,7,1,0,-2.59010986249056,0
52,2,4,16,"sos_delayed","MC6",191,8,1,0,-2.60868722296551,0
20,1,3,9,"basic","MC6",50,11,0,0,-2.62709939290483,0
57,2,4,16,"sos_delayed","MC1",211,38,1,0,-2.63568890329773,0
36,3,1,19,"sos","MC6",120,43,0,1,-2.6514583709183,0
45,0,3,3,"sos","MC2",157,37,0,1,-2.67065218929986,0
56,0,4,4,"sos_delayed","MC6",205,25,1,0,-2.67235898655703,0
58,3,2,20,"sos_delayed","MC5",216,12,0,1,-2.67449121048767,0
25,3,5,23,"basic","MC2",72,5,1,0,-2.67974068387223,0
53,0,3,3,"sos_delayed","MC5",193,16,0,0,-2.68094076361518,0
19,0,5,5,"basic","MC1",41,1,1,0,-2.69043468931037,0
52,2,3,15,"sos_delayed","MC6",191,8,0,0,-2.6911898374833,0
54,1,2,8,"sos_delayed","MC3",198,45,0,0,-2.69832095616728,0
24,0,3,3,"basic","MC4",65,53,0,0,-2.70803030905354,0
14,2,1,13,"basic","MC1",23,22,0,0,-2.71299141632971,0
21,3,0,18,"basic","MC2",56,33,0,0,-2.72109419052923,0
15,3,2,20,"basic","MC3",28,52,0,0,-2.74201617953836,0
2,2,3,15,"basic","MC5",47,54,0,0,-2.78735840254868,0
13,3,2,20,"basic","MC4",20,44,0,0,-2.79740526819234,0
41,1,5,11,"sos","MC1",142,36,1,1,-2.80174657015641,0
21,1,0,6,"basic","MC5",54,33,0,0,-2.80705696665661,0
27,3,4,22,"basic","MC5",80,19,1,0,-2.81249122968177,0
11,2,5,17,"basic","MC5",11,57,1,0,-2.81325102003977,0
37,0,4,4,"sos","MC6",121,50,1,1,-2.81951681462097,0
51,2,4,16,"sos_delayed","MC2",187,21,1,0,-2.82168572195666,0
32,0,0,0,"sos","MC6",101,59,0,1,-2.82614617394395,0
35,2,1,13,"sos","MC2",115,23,0,1,-2.83771079673099,0
54,1,5,11,"sos_delayed","MC3",198,45,1,0,-2.85000484464296,0
54,2,3,15,"sos_delayed","MC1",199,45,0,0,-2.86486081841029,0
35,3,4,22,"sos","MC4",116,23,1,1,-2.87110947267851,0
38,0,5,5,"sos","MC2",125,55,1,1,-2.88387928762214,0
11,3,4,22,"basic","MC2",12,57,1,0,-2.88510518841944,0
32,0,2,2,"sos","MC6",101,59,0,1,-2.89604049639888,0
11,2,2,14,"basic","MC5",11,57,0,0,-2.89877590992931,0
56,1,5,11,"sos_delayed","MC2",206,25,1,0,-2.90846915813152,0
15,2,0,12,"basic","MC1",27,52,0,0,-2.91179838964169,0
27,1,1,7,"basic","MC1",78,19,0,0,-2.91500277134796,0
16,1,4,10,"basic","MC6",30,46,1,0,-2.91540586280647,0
25,0,5,5,"basic","MC4",69,5,1,0,-2.93419446853376,0
54,2,2,14,"sos_delayed","MC1",199,45,0,0,-2.94329180913843,0
25,3,0,18,"basic","MC2",72,5,0,0,-2.94982240556637,0
12,1,4,10,"basic","MC1",14,32,1,0,-2.96672717432065,0
9,3,1,19,"sos_delayed","MC1",240,31,0,1,-2.97983919890084,0
24,3,3,21,"basic","MC5",68,53,0,0,-3.01135121025223,0
9,1,3,9,"sos_delayed","MC3",238,31,0,0,-3.03658565386324,0
20,1,4,10,"basic","MC6",50,11,1,0,-3.03855289664617,0
22,3,3,21,"basic","MC6",60,26,0,0,-3.04927177554873,0
2,2,5,17,"basic","MC5",47,54,1,0,-3.07747052620995,0
19,1,0,6,"basic","MC2",42,1,0,0,-3.11444740249562,0
56,2,4,16,"sos_delayed","MC3",207,25,1,0,-3.15386727260194,0
41,2,5,17,"sos","MC3",143,36,1,1,-3.17519296521597,0
15,0,3,3,"basic","MC5",25,52,0,0,-3.18682769283306,0
20,1,0,6,"basic","MC6",50,11,0,0,-3.21101780181534,0
15,2,3,15,"basic","MC1",27,52,0,0,-3.22796391601851,0
27,0,5,5,"basic","MC3",77,19,1,0,-3.24071763481073,0
38,0,3,3,"sos","MC2",125,55,0,1,-3.26838918737542,0
29,2,2,14,"sos","MC1",87,29,0,1,-3.26882173575229,0
20,1,5,11,"basic","MC6",50,11,1,0,-3.29614454904954,0
38,0,0,0,"sos","MC2",125,55,0,1,-3.32008340189683,0
15,1,4,10,"basic","MC6",26,52,1,0,-3.32428295299188,0
27,3,1,19,"basic","MC5",80,19,0,0,-3.33351116881601,0
15,3,1,19,"basic","MC3",28,52,0,0,-3.34595115405258,0
57,2,1,13,"sos_delayed","MC1",211,38,0,0,-3.34668327443716,0
45,1,4,10,"sos","MC4",158,37,1,1,-3.35707126673662,0
41,2,1,13,"sos","MC3",143,36,0,1,-3.37395834107156,0
15,2,2,14,"basic","MC1",27,52,0,0,-3.39215443812165,0
20,1,1,7,"basic","MC6",50,11,0,0,-3.42588283083965,0
20,1,2,8,"basic","MC6",50,11,0,0,-3.45434953846702,0
2,2,0,12,"basic","MC5",47,54,0,0,-3.47777951766918,0
22,1,3,9,"basic","MC3",58,26,0,0,-3.49796580414255,0
19,0,4,4,"basic","MC1",41,1,1,0,-3.50358065639135,0
48,2,2,14,"sos_delayed","MC3",171,15,0,0,-3.54230782023444,0
14,2,4,16,"basic","MC1",23,22,1,0,-3.54692050549463,0
19,0,0,0,"basic","MC1",41,1,0,0,-3.55512314222977,0
15,2,5,17,"basic","MC1",27,52,1,0,-3.55535658647846,0
38,0,4,4,"sos","MC2",125,55,1,1,-3.56041435835751,0
15,2,1,13,"basic","MC1",27,52,0,0,-3.56721035241564,0
24,0,5,5,"basic","MC4",65,53,1,0,-3.57342394312656,0
24,0,1,1,"basic","MC4",65,53,0,0,-3.60005673051454,0
21,3,5,23,"basic","MC2",56,33,1,0,-3.61007715419611,0
15,0,4,4,"basic","MC5",25,52,1,0,-3.62207802801723,0
32,0,3,3,"sos","MC6",101,59,0,1,-3.64741664906333,0
27,1,3,9,"basic","MC1",78,19,0,0,-3.69274591756395,0
11,3,0,18,"basic","MC2",12,57,0,0,-3.73258455427778,0
27,0,1,1,"basic","MC3",77,19,0,0,-3.73627309869152,0
38,0,2,2,"sos","MC2",125,55,0,1,-3.79440387107826,0
27,3,0,18,"basic","MC5",80,19,0,0,-3.81059146109133,0
19,1,1,7,"basic","MC2",42,1,0,0,-3.82724288100386,0
24,1,3,9,"basic","MC2",66,53,0,0,-3.84166189048741,0
57,2,5,17,"sos_delayed","MC1",211,38,1,0,-3.84551874527336,0
21,1,5,11,"basic","MC5",54,33,1,0,-3.86331575554151,0
19,1,2,8,"basic","MC2",42,1,0,0,-3.92242721080572,0
22,3,1,19,"basic","MC6",60,26,0,0,-3.98994597181494,0
27,0,3,3,"basic","MC3",77,19,0,0,-4.06686772398875,0
27,1,0,6,"basic","MC1",78,19,0,0,-4.07823733047699,0
27,0,2,2,"basic","MC3",77,19,0,0,-4.09209109045926,0
54,1,3,9,"sos_delayed","MC3",198,45,0,0,-4.11082592557043,0
13,3,4,22,"basic","MC4",20,44,1,0,-4.14997069122168,0
32,0,1,1,"sos","MC6",101,59,0,1,-4.17486046811444,0
24,0,2,2,"basic","MC4",65,53,0,0,-4.21045332562893,0
27,0,0,0,"basic","MC3",77,19,0,0,-4.22325670207388,0
19,1,4,10,"basic","MC2",42,1,1,0,-4.23358272657441,0
24,1,2,8,"basic","MC2",66,53,0,0,-4.27609730981161,0
27,1,5,11,"basic","MC1",78,19,1,0,-4.28140814448705,0
14,2,5,17,"basic","MC1",23,22,1,0,-4.3215691606002,0
59,1,4,10,"sos_delayed","MC4",218,47,1,0,-4.34165362499389,0
48,2,5,17,"sos_delayed","MC3",171,15,1,0,-4.3601184807953,0
27,3,2,20,"basic","MC5",80,19,0,0,-4.37433302453252,0
48,2,0,12,"sos_delayed","MC3",171,15,0,0,-4.40953991148367,0
56,0,1,1,"sos_delayed","MC6",205,25,0,0,-4.41571615569545,0
38,0,1,1,"sos","MC2",125,55,0,1,-4.43598837678566,0
27,1,4,10,"basic","MC1",78,19,1,0,-4.59659400965419,0
27,3,5,23,"basic","MC5",80,19,1,0,-4.66357079747828,0
27,0,4,4,"basic","MC3",77,19,1,0,-4.66418702325596,0
56,2,5,17,"sos_delayed","MC3",207,25,1,0,-4.74781818768107,0
15,3,0,18,"basic","MC3",28,52,0,0,-4.80799627210573,0
56,2,3,15,"sos_delayed","MC3",207,25,0,0,-4.96966199691237,0
24,1,0,6,"basic","MC2",66,53,0,0,-5.04590278918191,0
24,1,5,11,"basic","MC2",66,53,1,0,-5.11031067575156,0
24,1,1,7,"basic","MC2",66,53,0,0,-5.22187741655966,0
19,2,1,13,"basic","MC4",43,1,0,0,-5.24308933300462,0
19,3,1,19,"basic","MC3",44,1,0,0,-5.46154205014224,0
48,2,4,16,"sos_delayed","MC3",171,15,1,0,-5.64490073503586,0
19,1,3,9,"basic","MC2",42,1,0,0,-5.74212496579244,0
19,1,5,11,"basic","MC2",42,1,1,0,-5.78196848607635,0
19,3,3,21,"basic","MC3",44,1,0,0,-5.92317632399911,0
48,2,3,15,"sos_delayed","MC3",171,15,0,0,-5.93853881142695,0
15,3,5,23,"basic","MC3",28,52,1,0,-6.13569857205708,0
19,3,0,18,"basic","MC3",44,1,0,0,-6.34758728781273,0
24,1,4,10,"basic","MC2",66,53,1,0,-6.44530525416714,0
19,3,2,20,"basic","MC3",44,1,0,0,-6.68587040503467,0
19,2,4,16,"basic","MC4",43,1,1,0,-6.75982197145339,0
19,3,5,23,"basic","MC3",44,1,1,0,-7.08267462251711,0
19,2,2,14,"basic","MC4",43,1,0,0,-7.26495335035675,0
19,3,4,22,"basic","MC3",44,1,1,0,-7.63391930974695,0
19,2,3,15,"basic","MC4",43,1,0,0,-7.6937704332207,0
19,2,0,12,"basic","MC4",43,1,0,0,-8.21343442892656,0
19,2,5,17,"basic","MC4",43,1,1,0,-8.50707643903203,0
